student_id,computer_nw_score,software_engg_score,tfcs_score,pe2_score,oe2_score,oe3_score,iks_score,cgpa,placement_readiness
1,30,15,33,20,32,25,17,7.9,1
2,25,25,29,25,23,30,29,6.1,1
3,22,30,33,30,25,33,15,3,0
4,22,33,36,35,34,30,31,7,1
5,30,25,39,29,35,30,19,8,1
6,32,36,35,33,39,34,28,8.1,1
7,21,21,20,25,23,20,12,5.9,0
8,22,20,20,33,35,36,28,6.1,1
9,25,26,33,27,25,30,16,7.63,1
10,27,29,30,20,28,36,28,7.9,1
11,26,24,20,22,36,30,10,5.19,0
12,20,36,31,33,30,20,26,6.6,1
13,30,22,39,36,33,33,25,8,1
14,33,25,38,31,33,20,29,8.6,1
15,25,21,36,32,35,29,18,8.2,1
16,26,30,32,26,28,33,34,7.2,1
17,33,39,36,27,29,39,28,9.2,1
18,24,22,27,29,33,22,29,8.7,1
19,29,21,26,32,34,39,18,9.3,1
20,24,36,24,33,26,36,36,9.3,1
21,33,38,30,22,27,27,12,6,1
22,35,30,36,36,33,28,36,8.4,1
23,39,25,34,32,39,32,26,6.3,1
24,20,25,32,21,26,36,29,9.3,1
25,24,30,32,26,34,39,16,8.64,1
26,22,36,29,27,29,34,26,6.3,1
27,29,31,25,33,33,25,18,7.2,1
28,33,25,24,38,34,36,33,7.62,1
29,30,29,36,31,26,24,11,7.91,1
30,34,33,35,21,29,28,35,6.8,1
31,37,36,39,36,37,26,20,2,0
32,25,32,21,32,26,29,27,9.3,1
33,21,28,25,21,22,36,18,9.8,1
34,20,24,27,29,33,32,35,6.2,1
35,39,32,33,39,36,29,22,6.3,1
36,40,32,36,40,39,36,26,9.7,1
37,25,36,39,37,24,34,14,8.5,1
38,30,36,34,26,27,28,31,6.7,1
39,33,39,25,24,22,26,19,6,1
40,20,39,29,21,26,29,28,7,1
41,21,28,24,33,33,36,12,8,1
42,27,24,26,24,39,24,23,8.3,1
43,33,29,21,36,26,28,27,6.9,1
44,36,39,27,32,37,36,20,9.6,1
45,25,26,33,24,29,25,29,8.6,1
46,37,33,26,29,23,24,13,7.6,1
47,25,23,22,36,37,26,24,6.3,1
48,39,32,36,26,26,28,24,6.8,1
49,33,36,37,27,33,26,28,9,1
50,22,35,31,36,28,33,16,3,0
51,24,37,22,34,33,39,32,9,1
52,36,28,29,31,26,39,35,5.6,0
53,38,21,28,36,33,36,30,6.8,1
54,29,26,36,26,36,34,25,5.6,0
55,25,36,34,25,33,36,34,9.8,1
56,27,35,28,38,39,29,20,9.7,1
57,33,25,21,31,37,25,37,7.4,1
58,34,33,24,31,34,24,25,5,0
59,38,25,36,24,35,26,30,6.8,1
60,31,25,36,26,29,25,15,6.5,1
61,33,33,32,24,23,22,32,9.8,1
62,32,25,24,26,33,39,35,7.5,1
63,25,36,29,22,34,36,30,6.5,1
64,29,30,36,36,39,34,25,9.5,1
65,24,35,35,39,28,36,34,7.2,1
66,29,26,36,31,29,35,20,6.9,1
67,26,36,35,25,27,35,37,8.4,1
68,22,30,35,21,36,36,25,6.3,1
69,39,33,26,36,24,29,30,9,1
70,29,33,27,33,21,28,15,4.6,0
71,22,37,36,20,26,22,32,8.9,1
72,33,36,31,36,38,26,35,8.45,1
73,34,29,32,32,29,29,16,8.63,1
74,31,36,29,25,27,28,20,8.21,1
75,24,30,27,24,26,33,15,7.6,1
76,29,36,21,29,24,36,30,7.23,1
77,24,33,36,24,23,35,10,7.21,1
78,34,29,26,26,28,39,37,7.9,1
79,26,30,21,33,29,37,17,8.2,1
80,37,31,22,39,37,39,29,8,1
81,28,36,36,31,25,36,15,3.3,0
82,35,25,33,32,29,35,31,6.8,1
83,31,36,37,25,37,38,19,7.6,1
84,32,25,31,26,37,36,28,9.5,1
85,21,39,25,39,36,36,12,9.4,1
86,29,33,29,32,34,29,28,8.4,1
87,36,20,21,35,26,28,16,8.6,1
88,35,29,36,37,28,33,28,7.2,1
89,24,36,34,31,29,36,23,9.6,1
90,37,25,32,33,24,37,12,8.4,1
91,29,39,21,22,36,33,14,8.1,1
92,34,25,22,29,29,36,6,5.3,0
93,26,36,26,26,25,36,3,6.9,1
94,22,31,36,23,27,29,35,8.6,1
95,26,35,39,35,26,28,26,7.3,1
96,24,31,32,34,28,27,24,9.3,1
97,39,25,21,36,33,29,25,6.5,1
98,31,39,25,25,36,22,29,8.2,1
99,38,26,30,33,38,33,36,6.3,1
100,29,39,21,23,27,36,12,9.7,1
101,36,21,33,36,21,35,14,5.6,0
102,34,25,36,34,25,34,11,6.7,1
103,31,36,35,31,36,39,6,7.8,1
104,35,33,39,35,33,37,5,6.2,1
105,25,37,37,25,37,35,12,8.9,1
106,28,33,32,28,33,36,25,8.45,1
107,23,36,36,23,36,26,27,8.63,1
108,36,37,34,36,37,28,25,8.21,1
109,36,35,32,36,35,29,26,7.6,1
110,35,36,36,35,36,36,25,7.23,1
111,39,26,36,39,26,35,26,7.21,1
112,38,26,39,38,26,28,24,7.9,1
113,37,25,32,37,25,26,33,8.2,1
114,33,24,35,33,24,27,36,8,1
115,34,33,34,34,33,25,32,3.3,0
116,35,26,36,35,26,26,36,6.8,1
117,36,36,39,36,36,36,33,7.6,1
118,31,36,32,31,36,34,33,9.5,1
119,32,35,35,32,35,36,36,9.4,1
120,36,39,33,36,39,25,35,8.4,1
121,39,37,36,39,37,34,36,8.6,1
122,37,32,34,37,32,39,39,7.2,1
123,32,35,37,32,35,32,38,9.6,1
124,36,36,36,36,36,31,34,8.4,1
125,35,34,36,35,34,22,35,8.1,1
126,34,36,33,34,36,33,36,5.3,0
127,39,36,36,39,36,36,36,6.9,1
128,36,39,36,36,39,38,32,8.6,1
129,36,31,32,36,31,34,25,7.3,1
130,32,35,32,32,35,36,26,9.3,1
131,36,34,32,36,34,31,24,6.5,1
132,36,36,21,36,36,36,29,8.2,1
133,32,36,29,32,36,36,25,6.3,1
134,22,36,25,22,36,39,24,9.7,1
135,26,33,27,26,33,35,26,5.6,0
136,27,36,25,27,36,32,36,6.7,1
137,28,35,33,28,35,24,36,7.8,1
138,29,32,39,29,32,25,36,8,1
139,24,21,35,24,21,26,33,8.2,1
140,25,25,37,25,25,36,39,8.6,1
141,26,26,36,26,26,39,38,5.1,0
142,32,29,32,32,29,35,34,8.7,1
143,36,32,36,36,32,34,33,5.9,0
144,32,26,36,32,26,37,33,5.1,0
145,36,28,35,36,28,33,36,5.7,0
146,36,32,39,36,32,36,36,6.8,1
147,39,36,32,39,36,35,39,8.9,1
148,38,23,34,38,23,32,37,8,1
149,37,25,37,37,25,34,35,6.9,1
150,36,36,25,36,36,32,34,8.5,1
151,33,35,21,33,35,32,35,8.5,1
152,32,36,26,32,36,21,36,9,1
153,25,39,28,25,39,25,38,7.5,1
154,26,32,24,26,32,26,36,7.5,1
155,24,21,29,24,21,24,31,7.8,1
156,25,23,25,25,23,26,25,7.1,1
157,26,25,26,26,25,29,26,6,1
158,28,26,36,28,26,28,28,8,1
159,29,28,33,29,28,32,26,8.9,1
160,24,29,39,24,29,36,27,8.6,1
161,26,32,35,26,32,32,28,8.4,1
162,32,36,38,32,36,36,29,8.9,1
163,33,34,34,33,34,35,22,8.7,1
164,36,37,37,36,37,36,26,6.4,1
165,39,38,21,39,38,36,25,6.8,1
166,38,25,25,38,25,39,29,9,1
167,37,26,22,37,26,38,36,6.3,1
168,35,29,29,35,29,37,39,8,1
169,36,25,28,36,25,32,38,8.1,1
170,32,36,21,32,36,36,37,5.5,0
171,31,26,25,31,26,35,36,7,1
172,33,36,22,33,36,36,39,6.8,1
173,36,34,26,36,34,36,35,5,0
174,35,36,36,35,36,32,36,8,1
175,39,32,38,39,32,33,31,7.9,1
176,34,36,35,34,36,36,32,6.1,1
177,32,26,36,32,26,35,36,3,0
178,35,25,34,35,25,24,36,7,1
179,33,21,39,33,21,25,33,8,1
180,36,28,37,36,28,29,36,8.1,1
181,39,29,36,39,29,28,36,5.9,0
182,36,32,39,36,32,25,35,6.1,1
183,33,25,33,33,25,26,32,7.63,1
184,36,26,36,36,26,24,34,7.9,1
185,35,22,36,35,22,25,39,5.19,0
186,39,33,38,39,33,28,38,6.6,1
187,34,33,37,34,33,23,37,8,1
188,36,36,36,36,36,36,32,8.6,1
189,35,39,39,35,39,36,31,8.2,1
190,39,36,32,39,36,35,36,7.2,1
191,38,35,36,38,35,39,33,9.2,1
192,34,34,36,34,34,38,32,8.7,1
193,36,35,36,36,35,37,25,9.3,1
194,33,35,39,33,35,33,21,9.3,1
195,36,36,35,36,36,34,28,6,1
196,35,26,25,35,26,35,26,8.4,1
197,36,28,26,36,28,36,30,6.3,1
198,32,29,29,32,29,31,25,9.3,1
199,34,27,36,34,27,32,21,8.64,1
200,36,26,33,36,26,36,22,6.3,1
201,26,25,36,26,25,39,24,7.2,1
202,28,33,35,28,33,37,23,7.62,1
203,29,36,36,29,36,32,24,7.91,1
204,21,25,22,21,25,36,23,6.8,1
205,24,39,32,24,39,35,27,2,0
206,25,36,36,25,36,34,23,9.3,1
207,26,35,39,26,35,39,30,9.8,1
208,32,37,34,32,37,36,22,6.2,1
209,36,35,21,36,35,36,22,6.3,1
210,32,36,25,32,36,32,29,9.7,1
211,36,35,26,36,35,36,21,8.5,1
212,36,36,25,36,36,36,21,6.7,1
213,39,34,29,39,34,32,27,6,1
214,38,32,28,38,32,22,26,7,1
215,32,32,36,32,32,26,22,8,1
216,25,36,36,25,36,27,24,8.3,1
217,21,36,39,21,36,28,27,6.9,1
218,31,34,35,31,34,29,28,9.6,1
219,25,32,37,25,32,24,26,8.6,1
220,36,21,32,36,21,25,22,7.6,1
221,36,26,36,36,26,26,21,6.3,1
222,35,25,35,35,25,32,30,6.8,1
223,38,29,36,38,29,36,20,9,1
224,39,28,32,39,28,32,22,3,0
225,37,24,33,37,24,36,20,9,1
226,36,21,39,36,21,36,20,5.6,0
227,39,23,32,39,23,39,26,6.8,1
228,37,36,34,37,36,38,28,5.6,0
229,36,32,35,36,32,37,26,9.8,1
230,35,36,36,35,36,36,24,9.7,1
231,39,32,38,39,32,33,21,7.4,1
232,36,33,37,36,33,32,27,5,0
233,34,39,32,34,39,25,26,6.8,1
234,37,36,36,37,36,26,21,6.5,1
235,36,38,32,36,38,24,31,9.8,1
236,32,37,26,32,37,25,29,7.5,1
237,21,35,21,21,35,26,25,6.5,1
238,25,36,25,25,36,28,27,9.5,1
239,24,33,21,24,33,29,26,8,1
240,25,36,22,25,36,24,20,8.2,1
241,36,34,26,36,34,26,29,8.6,1
242,36,35,29,36,35,32,21,5.1,0
243,35,36,25,35,36,33,23,8.7,1
244,36,32,27,36,32,36,25,5.9,0
245,33,37,25,33,37,39,24,5.1,0
246,36,32,26,36,32,38,22,5.7,0
247,39,25,25,39,25,37,20,6.8,1
248,35,21,26,35,21,35,31,8.9,1
249,34,25,24,34,25,36,27,8,1
250,36,26,33,36,26,32,25,6.9,1
251,32,28,36,32,28,31,23,8.5,1
252,26,26,32,26,26,33,20,8.5,1
253,25,26,36,25,26,36,29,9,1
254,25,35,33,25,35,35,22,7.5,1
255,26,34,33,26,34,39,26,7.5,1
256,23,36,36,23,36,34,21,7.8,1
257,24,39,35,24,39,32,25,7.1,1
258,28,38,36,28,38,35,24,6,1
259,26,34,39,26,34,33,29,8,1
260,24,35,38,24,35,36,27,8.9,1
261,28,32,34,28,32,39,26,8.6,1
262,26,35,35,26,35,36,28,8.4,1
263,26,36,36,26,36,33,24,8.9,1
264,25,25,36,25,25,36,27,8.1,1
265,26,26,32,26,26,35,25,5.9,0
266,24,29,25,24,29,39,21,6.1,1
267,28,28,26,28,28,34,27,7.63,1
268,23,35,24,23,35,36,29,7.9,1
269,36,36,29,36,36,35,26,5.19,0
270,39,35,25,39,35,39,29,6.6,1
271,38,33,24,38,33,38,27,8,1
272,35,39,26,35,39,34,30,8.6,1
273,34,35,36,34,35,36,32,8.2,1
274,33,36,36,33,36,33,23,7.2,1
275,36,35,36,36,35,36,21,9.2,1
276,39,31,33,39,31,35,23,8.7,1
277,38,32,39,38,32,36,21,9.3,1
278,37,39,38,37,39,32,28,9.3,1
279,32,38,34,32,38,34,27,6,1
280,36,25,33,36,25,36,21,8.4,1
281,39,29,33,39,29,26,30,6.3,1
282,34,27,36,34,27,28,28,9.3,1
283,36,21,36,36,21,29,23,8.64,1
284,39,23,39,39,23,21,27,6.3,1
285,35,32,37,35,32,24,22,7.2,1
286,32,36,35,32,36,25,24,8,1
287,36,35,34,36,35,26,32,8,1
288,32,34,35,32,34,32,28,8.6,1
289,34,32,36,34,32,36,24,3,0
290,32,31,38,32,31,32,25,7.4,1
291,36,39,36,36,39,36,32,7.9,1
292,23,35,31,23,35,36,23,7,1
293,36,34,25,36,34,39,25,9,1
294,36,36,26,36,36,38,34,9.7,1
295,3,35,28,3,35,32,35,9.6,1
296,36,34,26,36,34,25,39,8.6,1
297,32,39,27,32,39,21,23,8,1
298,36,32,28,36,32,31,35,8.2,1
299,39,25,29,39,25,25,25,8.6,1
300,35,26,22,35,26,36,28,5.1,0
301,36,28,26,36,28,36,36,8.7,1
302,36,29,25,36,29,35,30,5.9,0
303,35,24,29,35,24,38,33,5.1,0
304,39,25,36,39,25,39,33,5.7,0
305,37,23,39,37,23,37,35,6.8,1
306,32,36,38,32,36,36,28,8.9,1
307,32,38,37,32,38,39,29,8,1
308,36,37,36,36,37,37,33,6.9,1
309,36,36,39,36,36,36,34,8.5,1
310,35,36,35,35,36,35,26,8.5,1
311,32,35,36,32,35,39,27,9,1
312,36,39,31,36,39,36,33,7.5,1
313,36,37,32,36,37,34,39,7.5,1
314,37,32,36,37,32,37,26,7.8,1
315,32,25,36,32,25,36,34,7.1,1
316,36,26,33,36,26,32,29,6,1
317,31,28,36,31,28,21,33,8,1
318,36,26,36,36,26,25,34,8.9,1
319,36,33,35,36,33,24,26,8.6,1
320,32,36,32,32,36,25,29,8.4,1
321,36,38,34,36,38,36,37,8.9,1
322,36,34,39,36,34,36,26,8.7,1
323,36,25,38,36,25,35,22,6.4,1
324,32,26,37,32,26,36,33,6.8,1
325,34,29,32,34,29,33,36,9,1
326,32,36,31,32,36,36,39,6.3,1
327,21,36,36,21,36,39,24,8,1
328,25,35,33,25,35,35,27,8.1,1
329,26,34,32,26,34,34,22,5.5,0
330,22,32,25,29,32,36,26,7,1
331,36,36,21,32,36,32,33,6.8,1
332,38,38,28,35,38,26,39,5,0
333,39,32,26,36,32,25,26,8,1
334,27,22,30,24,25,23,37,7,1
335,25,24,25,21,23,22,29,4,0
336,23,27,21,24,26,27,23,6,1
337,20,28,22,22,25,26,37,6.5,1
338,29,26,24,25,27,22,26,7.8,1
339,22,25,23,26,22,25,33,5,0
340,26,23,24,22,20,24,28,8,1
341,21,22,23,27,24,26,33,8.8,1
342,25,23,27,24,23,20,26,7,1
343,24,25,23,22,24,21,33,6,1
344,29,27,30,25,20,24,36,9.1,1
345,27,21,22,27,28,26,33,7,1
346,26,25,22,21,29,24,39,5.9,0
347,28,20,29,22,25,24,37,6.6,1
348,24,28,21,25,27,26,34,5.99,0
349,27,23,21,28,24,22,35,7.5,1
350,25,21,27,24,29,20,29,2,0
351,21,24,26,21,22,28,23,7.6,1
352,27,30,22,27,26,24,33,7.9,1
353,29,21,24,25,28,26,34,3,0
354,26,28,27,21,24,30,39,9.2,1
355,29,21,28,26,24,28,28,8.1,1
356,27,25,26,28,29,21,29,7,1
357,30,29,22,21,28,24,27,8,1
358,32,24,21,25,21,20,36,4,0
359,23,27,30,28,26,21,24,3,0
360,21,22,20,28,27,28,21,7,1
361,23,25,22,27,20,27,26,9,1
362,21,27,20,22,24,23,38,4,0
363,28,26,20,28,22,24,29,8.4,1
364,27,23,26,29,30,25,27,7.5,1
365,21,22,28,27,24,20,26,3.9,0
366,30,20,26,28,21,22,24,8,1
367,28,27,24,29,26,23,23,8.6,1
368,23,21,21,22,27,29,28,8.7,1
369,27,25,27,20,26,24,29,8.4,1
370,22,27,26,29,28,23,37,8.9,1
371,24,28,21,27,26,20,25,4,0
372,32,26,31,27,30,29,29,4.6,0
373,28,21,29,24,23,20,37,8.62,1
374,24,21,25,22,28,24,37,8,1
375,25,25,27,24,21,21,36,7.6,1
376,28,29,26,27,25,24,34,7.9,1
377,26,24,20,28,29,22,26,8.6,1
378,21,27,29,26,24,25,28,8.1,1
379,22,22,21,25,27,26,29,5.9,0
380,30,25,23,23,22,22,24,6.3,1
381,28,27,25,22,25,27,36,6.9,1
382,29,26,24,23,27,24,29,9,1
383,26,23,22,25,26,22,25,8.5,1
384,24,22,20,27,23,25,27,7.2,1
385,22,20,31,21,22,27,26,6.3,1
386,20,27,27,25,20,21,28,6.8,1
387,32,21,25,20,27,22,33,7.8,1
388,29,25,23,28,21,25,36,7.9,1
389,27,27,20,23,25,28,38,8.2,1
390,25,28,29,21,27,24,27,9.2,1
391,26,26,22,24,28,21,21,4.5,0
392,23,21,26,30,26,27,25,9.8,1
393,28,29,21,21,27,25,36,7.6,1
394,27,27,25,28,28,21,33,6.4,1
395,22,28,24,21,26,26,37,7.3,1
396,34,29,29,25,21,28,33,8.2,1
397,27,22,27,29,29,21,36,4.8,0
398,26,20,26,24,27,25,37,5,0
399,24,29,28,27,28,28,35,6.9,1
400,29,27,24,22,29,28,36,9.6,1
401,21,27,27,25,22,27,26,6.6,1
402,20,24,25,27,20,22,26,8.6,1
403,28,22,21,26,29,28,25,9.7,1
404,24,24,27,23,27,29,24,5.8,0
405,29,27,29,22,27,27,33,6.3,1
406,23,28,26,20,24,28,26,8,1
407,21,26,29,27,22,29,36,7,1
408,27,25,27,21,24,22,36,8,1
409,25,23,30,25,27,20,35,4,0
410,26,22,32,27,28,29,39,3,0
411,20,23,23,28,26,27,37,7,1
412,28,25,21,26,25,27,32,9,1
413,30,27,23,21,23,24,35,4,0
414,31,21,21,26,22,25,36,8.4,1
415,24,25,28,21,23,28,34,7.5,1
416,28,20,27,31,25,28,36,6,1
417,26,28,21,29,31,27,36,5.5,0
418,27,23,30,25,29,22,39,8,1
419,29,21,28,27,25,28,31,8,1
420,21,24,23,26,27,29,35,6,1
421,24,30,27,20,26,27,34,7,1
422,27,21,22,29,20,28,36,4,0
423,26,28,24,21,29,29,36,6,1
424,24,21,32,23,21,22,36,6.5,1
425,25,25,28,25,23,20,33,7.8,1
426,22,29,24,24,25,29,36,5,0
427,20,24,25,22,24,27,35,8,1
428,27,27,28,23,22,21,32,8.8,1
429,28,22,26,20,20,24,21,7,1
430,23,25,21,24,31,24,25,6,1
431,23,27,22,23,27,21,26,9.1,1
432,25,26,30,24,25,24,29,7,1
433,28,23,28,20,22,22,32,5.9,0
434,29,22,29,28,24,25,26,6.6,1
435,20,20,26,29,28,26,28,5.99,0
436,21,27,24,25,21,22,32,7.5,1
437,27,21,22,27,29,27,36,2,0
438,26,25,20,24,24,24,23,7.6,1
439,27,27,32,29,21,22,25,7.9,1
440,28,28,29,22,24,23,36,3,0
441,21,26,27,26,22,24,35,9.2,1
442,25,21,25,28,25,23,36,8.1,1
443,29,26,26,24,26,27,39,7,1
444,27,22,23,24,22,23,32,8,1
445,20,24,28,29,27,30,21,4,0
446,24,27,27,28,24,22,23,3,0
447,21,28,22,21,22,22,25,7,1
448,24,26,34,26,25,29,26,9,1
449,22,22,27,27,27,21,28,4,0
450,25,21,26,20,21,21,29,8.4,1
451,26,30,24,24,22,27,32,7.5,1
452,22,20,29,22,25,26,36,3.9,0
453,27,22,21,30,28,22,34,8,1
454,24,20,20,24,24,24,37,8.6,1
455,22,20,28,21,21,27,38,8.7,1
456,25,26,24,26,27,28,25,8.4,1
457,27,28,29,27,25,26,26,8.9,1
458,21,26,23,26,21,22,29,4,0
459,22,24,21,28,26,25,25,4.6,0
460,25,21,27,26,28,24,36,8.62,1
461,28,27,25,30,21,26,26,8,1
462,24,26,26,23,25,20,36,7.6,1
463,21,21,20,24,28,21,34,7.9,1
464,27,31,28,23,28,24,36,8.6,1
465,25,29,30,27,27,26,32,8.1,1
466,21,25,31,20,22,24,36,5.9,0
467,26,27,24,27,28,26,26,6.3,1
468,28,26,28,28,29,28,25,6.9,1
469,21,20,26,23,27,21,21,9,1
470,25,29,27,23,28,25,28,8.5,1
471,28,21,29,25,29,28,29,7.2,1
472,28,23,21,28,22,28,32,6.3,1
473,27,25,24,29,20,27,25,6.8,1
474,22,24,27,20,29,22,26,7.8,1
475,28,22,26,21,27,28,22,7.9,1
476,29,23,24,27,27,29,33,8.2,1
477,27,20,25,26,24,27,33,4.8,0
478,28,24,22,27,20,28,36,5,0
479,29,23,20,28,27,29,39,6.9,1
480,22,24,27,21,28,22,36,9.6,1
481,20,20,28,25,23,20,35,7.5,1
482,29,28,23,29,23,29,34,2,0
483,27,29,23,27,25,27,35,7.6,1
484,27,25,25,20,28,21,35,7.9,1
485,24,27,28,24,29,24,36,3,0
486,25,24,29,21,20,24,26,9.2,1
487,23,29,20,24,21,21,28,8.1,1
488,26,22,21,22,27,24,29,7,1
489,25,26,27,25,26,22,27,8,1
490,27,28,26,26,27,25,26,4,0
491,22,24,27,22,28,21,25,3,0
492,20,24,28,27,21,28,33,7,1
493,24,29,21,24,25,27,36,9,1
494,23,28,25,22,29,25,25,4,0
495,24,21,29,25,27,23,39,8.4,1
496,20,26,27,27,20,20,36,7.5,1
497,28,27,20,21,26,29,35,3.9,0
498,29,20,22,22,28,22,37,8,1
499,25,24,24,25,24,26,35,8.6,1
500,27,22,27,28,24,21,36,8.7,1
501,24,30,28,24,29,25,35,8.4,1
502,29,24,26,21,28,24,36,8.9,1
503,22,21,25,27,25,29,34,4,0
504,26,26,23,25,27,27,32,4.6,0
505,28,27,22,21,21,26,32,8.62,1
506,24,26,23,26,25,28,36,8,1
507,24,28,25,28,20,24,36,7.6,1
508,29,26,27,21,28,27,34,7.9,1
509,28,30,21,25,23,25,32,8.6,1
510,21,23,25,28,21,21,21,5,0
511,26,24,20,28,24,27,26,8,1
512,27,23,28,27,30,29,25,8.8,1
513,20,27,23,22,21,26,29,7,1
514,24,23,21,28,28,29,28,6,1
515,22,30,24,29,28,27,24,9.1,1
516,30,22,30,27,24,30,21,7,1
517,24,22,21,28,26,32,23,5.9,0
518,21,29,28,29,30,23,36,6.6,1
519,26,21,21,22,28,21,32,5,0
520,27,21,25,20,21,23,36,7.5,1
521,26,27,29,29,24,21,32,6,1
522,28,26,24,27,23,28,33,4,0
523,26,22,27,27,24,27,39,8,1
524,30,24,22,24,23,21,36,7.7,1
525,23,27,25,25,27,30,38,9.2,1
526,23,28,27,23,23,28,37,9.1,1
527,22,26,26,26,30,23,35,9.6,1
528,27,22,23,25,22,27,36,8.4,1
529,26,25,22,27,22,22,33,7.5,1
530,22,24,20,22,29,24,36,3.9,0
531,25,26,27,20,21,32,34,8,1
532,24,20,21,24,21,28,35,8.6,1
533,26,21,25,23,27,24,36,8.7,1
534,20,24,27,24,26,25,32,8.4,1
535,21,26,28,20,22,28,37,8.9,1
536,24,24,26,23,24,26,32,6.3,1
537,26,24,21,27,27,21,25,7,1
538,24,26,21,23,21,22,21,5.6,0
539,24,22,25,30,23,30,25,8,1
540,26,20,29,22,27,28,26,9,1
541,22,28,24,22,25,29,28,6.8,1
542,20,24,27,29,24,26,26,7,1
543,28,26,22,21,22,24,26,4,0
544,24,30,25,21,20,22,35,6,1
545,26,28,27,27,29,20,34,6.5,1
546,30,21,26,26,20,32,36,7.8,1
547,28,24,23,22,32,29,39,5,0
548,21,23,22,24,33,27,38,8,1
549,24,24,20,27,28,25,34,8.8,1
550,20,23,27,28,24,26,35,7,1
551,21,27,21,26,26,23,32,6,1
552,28,23,25,22,30,28,35,9.1,1
553,27,30,27,21,28,27,36,7,1
554,23,22,28,30,21,22,25,5.9,0
555,24,22,26,20,24,34,26,6.6,1
556,25,29,21,22,23,27,29,5.99,0
557,20,21,23,20,24,26,28,7.5,1
558,22,21,22,20,23,24,35,2,0
559,23,27,27,26,27,29,36,7.6,1
560,29,26,26,28,23,21,36,7.9,1
561,24,22,22,26,30,20,35,3,0
562,23,24,25,24,22,28,36,9.2,1
563,20,27,24,21,22,24,33,8.1,1
564,29,28,26,27,29,29,36,7,1
565,20,26,20,26,21,23,39,8,1
566,24,22,21,21,21,21,35,4,0
567,21,21,24,31,27,27,34,3,0
568,24,30,26,29,26,25,36,7,1
569,22,20,24,25,22,26,32,9,1
570,25,22,24,27,24,20,26,4,0
571,26,20,26,26,27,28,25,8.4,1
572,22,20,22,20,26,30,23,7.5,1
573,27,26,20,29,28,31,22,3.9,0
574,24,28,28,21,21,24,27,8,1
575,22,26,24,23,25,28,26,8.6,1
576,25,24,26,25,28,26,22,8.7,1
577,27,21,30,24,28,27,25,8.4,1
578,21,27,28,22,27,29,24,8.9,1
579,22,26,21,20,22,21,26,4,0
580,25,21,24,31,28,24,20,4.6,0
581,28,31,20,27,29,27,21,8.62,1
582,24,29,21,25,27,26,24,8,1
583,21,25,28,23,28,24,26,7.6,1
584,27,27,27,20,29,25,24,7.9,1
585,25,26,23,29,22,22,24,8.6,1
586,21,20,24,22,20,20,26,8.1,1
587,26,29,25,26,29,27,22,5.9,0
588,28,21,20,21,27,28,20,6.3,1
589,21,23,22,25,22,23,28,6.9,1
590,25,25,23,24,24,23,24,9,1
591,28,24,29,29,21,25,26,8.5,1
592,28,22,24,27,28,28,30,7.2,1
593,27,20,23,26,25,29,28,6.3,1
594,22,31,20,28,23,20,21,6.8,1
595,28,27,29,24,24,21,24,7.8,1
596,29,25,20,27,25,27,20,7.9,1
597,27,23,24,25,20,26,21,8.2,1
598,28,20,21,21,22,27,28,5.9,0
599,29,29,24,27,23,28,27,7,1
600,22,22,22,29,29,21,23,6,1
601,20,26,25,26,24,25,24,8,1
602,29,21,26,29,23,29,25,4.5,0
603,27,25,22,27,20,27,20,8.3,1
604,27,24,27,30,29,20,22,7.4,1
605,24,29,24,32,20,27,23,6.9,1
606,24,27,22,23,24,28,29,6.8,1
607,21,24,25,21,21,21,24,7.3,1
608,24,21,27,23,24,29,23,8,1
609,22,24,21,21,22,23,20,5,0
610,25,22,22,28,25,21,29,8.3,1
611,26,25,25,27,29,28,20,9.1,1
612,22,26,28,21,26,21,27,6.5,1
613,27,22,24,30,24,25,26,7.5,1
614,24,27,21,27,22,29,20,4.8,0
615,22,24,27,22,24,24,30,6,1
616,25,22,25,20,27,27,33,5.8,0
617,27,25,21,24,28,22,25,9,1
618,21,27,26,23,26,25,26,6.1,1
619,22,21,28,24,25,27,33,8.8,1
620,25,22,21,20,23,26,24,9,1
621,28,25,25,28,22,23,29,6.8,1
622,24,28,28,29,23,22,24,7,1
623,21,24,28,25,25,20,33,4,0
624,27,21,27,27,27,27,35,6,1
625,25,27,22,24,21,29,39,6.5,1
626,21,25,28,29,22,23,20,7.8,1
627,26,21,29,22,25,21,24,5,0
628,28,26,27,26,28,27,22,8,1
629,21,28,28,28,24,25,29,8.8,1
630,25,21,29,24,21,26,33,7,1
631,28,25,22,24,27,20,30,6,1
632,28,28,20,29,25,28,34,9.6,1
633,27,28,29,28,21,30,37,7.5,1
634,22,27,27,21,26,31,25,7.1,1
635,28,22,21,26,28,24,21,4,0
636,29,28,24,27,21,28,20,8.4,1
637,27,29,24,20,25,26,39,7.5,1
638,28,27,21,24,28,27,40,3.9,0
639,29,28,24,22,28,29,25,8,1
640,22,29,22,30,27,21,30,8.6,1
641,20,22,25,24,22,24,33,8.7,1
642,29,20,26,21,28,27,20,8.4,1
643,27,29,22,26,29,26,21,8.9,1
644,27,27,27,27,27,24,27,4,0
645,24,27,24,26,21,25,33,4.6,0
646,22,24,22,28,22,22,36,8.62,1
647,24,22,25,26,29,20,25,8,1
648,27,24,27,30,21,27,37,7.6,1
649,28,27,21,23,24,28,25,7.9,1
650,26,28,22,28,27,23,39,8.6,1
651,25,26,25,21,26,23,33,8.1,1
652,23,25,28,25,24,25,22,5.9,0
653,22,23,24,29,25,28,24,6.3,1
654,23,22,21,24,22,29,36,6.9,1
655,25,23,27,27,20,20,38,9.6,1
656,27,25,25,22,27,21,29,8.5,1
657,21,27,21,25,28,27,25,5.9,0
658,25,21,26,27,23,26,27,6.1,1
659,20,25,28,26,23,25,33,7.4,1
660,28,20,21,23,25,21,34,8,1
661,23,28,25,29,28,28,38,6,1
662,21,23,28,24,29,26,31,4,0
663,24,21,28,22,20,20,33,8.8,1
664,30,24,27,27,21,27,32,9.1,1
665,21,30,22,23,27,29,25,8,1
666,28,21,28,31,26,22,29,4.6,0
667,25,30,35,32,28,15,24,8.5,1
668,22,25,30,23,27,30,29,8,1
669,18,20,22,19,21,10,26,7,1
670,27,33,29,35,31,37,22,8.8,1
671,15,12,14,16,13,17,39,6.2,1
672,20,24,26,27,21,29,29,7.5,1
673,32,35,30,33,34,15,22,9,1
674,16,17,18,19,16,31,33,5.7,0
675,23,26,24,25,28,19,34,7.8,1
676,21,22,23,24,23,28,31,7.4,1
677,26,28,25,26,27,12,24,5.3,0
678,17,18,19,18,17,28,29,6.9,1
679,31,34,31,33,35,16,24,8.9,1
680,22,24,26,25,21,28,34,3.6,0
681,14,13,14,15,13,10,26,6.6,1
682,28,29,28,29,26,26,37,8.2,1
683,12,11,10,12,13,25,28,4.3,0
684,29,32,34,31,33,29,35,8.6,1
685,18,19,18,17,19,18,31,3.1,0
686,24,26,23,25,24,34,32,7.7,1
687,27,25,29,28,28,28,21,8.1,1
688,19,18,16,17,19,29,29,5.5,0
689,33,31,36,35,34,18,36,9.1,1
690,21,22,20,23,25,36,35,7.5,1
691,19,21,18,20,17,12,24,7.2,1
692,28,27,29,26,28,36,37,8.4,1
693,13,15,14,12,16,26,29,6.6,1
694,35,33,34,32,31,29,34,6,1
695,25,27,26,24,28,16,26,7.9,1
696,17,18,17,19,16,34,22,6.8,1
697,23,21,24,22,25,28,26,7.3,1
698,25,23,24,22,26,29,24,7.8,1
699,34,32,35,31,33,18,39,8.5,1
700,11,13,12,14,10,36,31,6.3,1
701,35,34,36,35,37,12,38,5.8,0
702,20,19,21,18,17,36,29,7.4,1
703,28,27,29,26,30,30,36,8.2,1
704,18,16,17,19,15,25,34,6.8,1
705,35,33,34,32,31,20,31,9,1
706,24,23,25,22,21,33,35,7.6,1
707,26,25,27,24,28,12,25,8.2,1
708,19,17,20,18,16,24,28,7,1
709,34,32,35,31,33,35,23,8.5,1
710,12,11,13,12,10,17,36,6.2,1
711,36,34,37,35,38,26,36,7.1,1
712,25,23,26,24,22,22,35,7.8,1
713,27,25,28,26,24,28,39,8.3,1
714,14,13,14,13,12,18,38,6.5,1
715,33,31,34,32,30,34,37,4.6,0
716,19,18,20,17,16,24,33,7.2,1
717,28,27,29,26,28,13,34,4.4,0
718,10,12,11,13,15,29,35,6.2,1
719,25,23,24,22,26,11,36,7.8,1
720,23,21,24,22,25,32,31,2.3,0
721,27,25,28,26,29,19,32,8.2,1
722,15,17,16,14,18,26,36,5.6,0
723,35,33,34,32,31,25,39,9,1
724,24,23,25,22,21,18,37,7.6,1
725,26,25,27,24,28,31,32,8.2,1
726,18,16,19,17,15,22,36,7,1
727,33,31,34,32,30,21,35,8.5,1
728,11,13,12,14,10,27,34,5.3,0
729,35,34,36,35,37,15,39,8.8,1
730,20,19,21,18,17,33,36,4.4,0
731,27,25,28,26,29,27,36,8.2,1
732,18,16,19,17,15,18,32,6.8,1
733,35,33,34,32,31,21,36,9,1
734,22,20,23,21,19,23,36,7.8,1
735,26,25,27,24,28,32,32,8.3,1
736,14,13,14,13,12,13,22,6.5,1
737,31,29,32,30,28,34,26,8.6,1
738,19,17,20,18,16,19,27,7.2,1
739,28,27,29,26,28,27,28,8.4,1
740,12,11,13,12,10,23,29,5.2,0
741,23,23,24,22,26,15,24,7.8,1
742,27,21,24,22,25,16,25,7.3,1
743,25,25,28,26,29,27,26,8.2,1
744,15,17,16,14,18,29,32,6.6,1
745,30,35,32,28,34,25,36,9,1
746,25,30,35,32,28,22,32,8.5,1
747,20,25,30,27,29,18,36,8.2,1
748,15,20,25,22,18,27,36,7,1
749,32,37,34,31,36,15,39,9,1
750,10,15,20,17,12,20,38,6.3,1
751,35,32,37,34,36,32,37,9,1
752,10,27,25,23,26,16,36,7.4,1
753,35,25,30,28,29,23,33,8.2,1
754,22,17,15,13,16,21,32,6.8,1
755,27,35,32,28,34,26,25,9,1
756,12,30,35,32,28,17,26,4.51,0
757,30,25,30,27,29,31,24,8.3,1
758,25,20,25,22,18,22,25,5.91,0
759,20,37,34,31,36,14,26,9,1
760,15,15,20,17,12,28,28,6.3,1
761,32,32,37,34,36,12,29,9,1
762,10,27,25,23,26,29,24,7.4,1
763,35,25,30,28,29,18,26,5.2,0
764,22,17,15,13,16,24,32,6.8,1
765,27,35,32,28,34,27,33,9,1
766,30,30,35,32,28,32,36,8.5,1
767,12,25,16,8,35,26,39,4.51,0
768,25,23,20,12,32,16,38,3.2,0
769,30,25,15,30,25,35,37,6.3,1
770,25,22,30,25,22,30,35,4.4,0
771,20,18,10,20,18,22,36,6.1,1
772,33,27,37,33,27,29,32,7.1,1
773,12,15,17,12,15,14,31,9.42,1
774,24,20,29,24,20,26,33,5.1,0
775,35,32,15,35,32,30,36,5.69,0
776,17,16,31,17,16,18,35,5.3,0
777,26,23,19,26,23,24,39,6.9,1
778,22,21,28,22,21,23,34,8.3,1
779,28,26,12,28,26,25,32,5.6,0
780,18,17,28,18,17,19,35,6.6,1
781,34,31,16,34,31,31,33,7.6,1
782,24,22,28,24,22,26,36,3.2,0
783,13,14,10,13,14,14,39,9.6,1
784,29,28,26,29,28,28,36,4.5,0
785,11,12,25,11,12,10,33,4.9,0
786,32,29,29,32,29,34,36,6.8,1
787,19,18,18,19,18,18,35,6.7,1
788,26,24,34,26,24,23,39,7.1,1
789,25,27,28,25,27,29,34,7.6,1
790,18,19,29,18,19,16,36,8.1,1
791,31,33,18,31,33,36,35,8.9,1
792,22,21,36,22,21,20,39,6,1
793,21,19,12,21,19,18,38,3.2,0
794,27,28,36,27,28,29,34,4.6,0
795,15,13,26,15,13,14,36,5.4,0
796,33,35,29,33,35,34,33,6.1,1
797,27,25,16,27,25,26,36,6.3,1
798,27,21,26,15,26,17,35,6.5,1
799,14,23,18,20,18,24,36,6.7,1
800,32,27,33,32,33,24,32,4.5,0
801,20,26,11,16,11,35,34,8.5,1
802,29,25,35,23,35,12,36,8,1
803,13,21,20,21,20,36,26,7,1
804,24,18,27,26,27,19,29,8.8,1
805,24,10,18,17,18,28,22,6.2,1
806,28,9,35,31,35,13,20,7.5,1
807,16,14,22,22,22,35,29,9,1
808,32,16,26,14,26,25,27,5.7,0
809,35,17,14,28,14,21,27,7.8,1
810,30,20,31,12,31,23,24,7.4,1
811,25,23,19,29,19,27,22,8.3,1
812,34,26,28,18,28,26,24,6.9,1
813,20,28,12,24,12,25,27,6,1
814,37,32,23,27,23,21,28,7.6,1
815,25,36,27,19,27,18,26,6.6,1
816,30,32,25,33,25,10,25,8.2,1
817,15,23,15,21,15,9,23,4.3,0
818,32,25,30,19,30,14,22,8.6,1
819,35,24,25,28,25,16,23,3.1,0
820,30,26,20,13,20,17,25,7.7,1
821,25,14,15,35,15,20,31,8.1,1
822,34,16,32,25,32,23,29,5.5,0
823,20,23,10,25,10,26,25,9.1,1
824,37,25,35,30,35,28,27,7.5,1
825,25,38,10,25,10,32,26,7.2,1
826,30,26,35,20,35,36,20,8.4,1
827,15,24,22,33,22,36,29,6.6,1
828,32,28,27,12,27,12,21,9,1
829,35,12,12,24,12,36,23,7.9,1
830,16,6,19,35,19,26,25,6.8,1
831,20,2,28,17,28,29,24,7.3,1
832,15,28,13,26,13,16,22,7.8,1
833,30,26,35,22,35,26,20,8.5,1
834,10,14,25,28,25,18,31,6.3,1
835,37,16,21,18,21,33,27,6,1
836,17,13,23,34,23,11,25,7.4,1
837,29,27,27,24,27,35,22,8.2,1
838,15,29,26,13,26,20,24,6.8,1
839,31,15,25,29,25,27,28,9,1
840,19,30,21,11,21,18,21,7.6,1
841,28,25,18,32,18,35,29,8.2,1
842,12,20,10,19,10,22,24,7,1
843,28,33,9,26,9,6,21,8.5,1
844,16,12,14,25,14,15,24,6.2,1
845,28,24,16,14,16,25,22,7.1,1
846,23,12,32,10,28,32,25,5.3,0
847,12,16,10,35,13,26,26,4.2,0
848,14,19,31,22,35,36,22,6.1,1
849,6,18,36,27,25,12,27,4.2,0
850,3,36,23,12,21,36,24,3,0
851,35,32,21,30,23,26,22,7.6,1
852,26,39,22,25,27,16,25,3.2,0
853,24,24,23,20,26,19,27,7.1,1
854,25,26,26,15,25,18,21,6,1
855,29,27,24,32,21,36,22,3.2,0
856,36,28,25,10,18,32,25,7.8,1
857,12,22,32,35,10,39,28,8,1
858,14,24,31,22,9,24,24,6.7,1
859,11,25,36,27,14,26,21,9.6,1
860,6,26,35,30,16,27,27,9.7,1
861,5,23,34,12,17,28,25,6.3,1
862,12,25,31,25,20,22,21,2.6,0
863,36,24,30,30,23,24,26,3.8,0
864,25,12,39,25,26,25,28,3.7,0
865,21,13,23,20,28,26,21,4.9,0
866,23,17,21,33,32,23,25,6.8,1
867,27,18,20,12,36,25,28,7.5,1
868,32,19,37,24,32,24,28,7.1,1
869,40,26,34,35,23,12,27,7.6,1
870,21,23,36,17,25,13,22,7.3,1
871,10,35,39,26,24,17,28,7.5,1
872,16,36,32,22,29,18,29,7.1,1
873,26,34,12,28,13,19,27,7.9,1
874,24,12,16,18,24,26,28,7.86,1
875,12,22,18,34,24,23,29,7.32,1
876,31,16,14,24,28,35,22,6.3,1
877,20,19,17,13,16,36,20,6.7,1
878,32,18,19,29,32,34,29,6.9,1
879,14,35,16,11,35,17,27,6.2,1
880,12,23,32,32,30,26,27,5.3,0
881,18,36,35,19,25,22,24,4.2,0
882,17,34,36,26,34,28,20,4,0
883,23,28,34,25,20,18,27,3.6,0
884,26,16,30,18,37,34,28,8.7,1
885,24,29,31,31,25,24,23,7.6,1
886,28,20,37,22,30,13,23,8.1,1
887,29,37,27,21,15,29,25,7.7,1
888,36,25,28,27,32,11,28,7.4,1
889,28,30,29,15,35,32,29,7.45,1
890,27,15,24,33,30,19,20,7.5,1
891,24,32,21,27,25,26,21,7.63,1
892,26,35,26,27,34,25,27,8.2,1
893,24,30,24,14,25,14,26,9.3,1
894,26,25,28,32,30,10,27,8.2,1
895,24,34,24,20,15,35,28,5.3,0
896,13,20,32,29,32,22,21,4.3,0
897,32,37,20,13,35,27,25,7.6,1
898,34,25,8,24,30,12,29,7.4,1
899,35,30,9,24,25,30,27,7.2,1
900,22,15,4,28,34,25,20,7.8,1
901,3,32,6,16,20,20,26,7.1,1
902,40,35,39,32,37,15,28,6.3,1
903,12,16,20,35,25,32,24,5.3,0
904,15,20,22,30,30,10,24,5.2,0
905,13,15,34,25,15,35,29,5.9,0
906,16,30,12,34,32,22,28,5.4,0
907,32,10,32,20,35,27,25,5.7,0
908,26,37,14,37,16,30,27,5.8,0
909,24,17,19,25,20,12,21,6.3,1
910,22,29,16,30,15,25,25,7.9,1
911,21,15,15,15,30,30,20,8.2,1
912,13,31,24,32,10,25,28,7.9,1
913,24,19,26,35,37,20,23,8.3,1
914,26,28,22,30,17,33,21,3.1,0
915,35,12,23,25,29,12,24,4.3,0
916,8,28,24,34,15,24,30,8.7,1
917,23,16,24,20,31,35,21,7.6,1
918,20,28,24,37,19,17,28,8.1,1
919,37,10,26,25,28,26,28,7.7,1
920,25,26,25,30,12,22,24,7.4,1
921,30,25,30,15,28,28,26,7.45,1
922,15,29,15,32,16,18,30,7.5,1
923,32,18,32,35,28,34,28,7.63,1
924,35,34,35,16,10,24,21,8.2,1
925,30,28,16,20,26,13,24,9.3,1
926,25,29,20,15,25,29,23,8.2,1
927,34,18,15,30,29,11,24,5.3,0
928,20,36,30,10,18,32,23,4.3,0
929,37,12,10,37,34,19,27,7.6,1
930,25,36,37,17,28,26,23,7.4,1
931,30,26,17,29,25,25,30,7.2,1
932,15,29,29,15,30,18,22,7.8,1
933,32,16,15,31,25,31,22,7.1,1
934,35,26,31,19,20,22,29,6.3,1
935,16,18,19,28,33,21,21,5.3,0
936,20,33,28,12,12,27,21,5.2,0
937,15,11,12,28,24,15,27,5.9,0
938,30,35,28,16,35,33,26,5.4,0
939,10,20,16,28,17,27,22,5.7,0
940,37,27,28,23,26,27,24,5.8,0
941,17,18,23,12,22,14,27,6.3,1
942,29,35,12,14,28,32,21,7.9,1
943,15,22,14,6,18,20,23,8.2,1
944,31,26,6,3,34,29,27,7.9,1
945,19,14,3,35,24,13,25,8.3,1
946,28,31,35,26,10,24,24,3.1,0
947,12,19,26,24,26,24,22,4.3,0
948,28,28,24,25,25,28,20,7.8,1
949,16,12,25,29,29,16,29,7.4,1
950,28,23,29,36,18,32,20,7.1,1
951,10,27,36,12,34,35,32,7.32,1
952,26,20,12,14,28,30,33,7.3,1
953,25,29,14,11,22,25,28,7.46,1
954,29,13,11,6,26,34,24,7.68,1
955,18,24,6,5,14,20,26,7.23,1
956,34,24,5,12,31,37,30,7.21,1
957,28,28,12,36,19,25,28,7.12,1
958,29,16,36,25,28,30,21,4.3,0
959,18,32,25,21,12,15,24,7.1,1
960,36,35,21,23,23,32,23,7.6,1
961,12,30,23,27,27,35,24,7.1,1
962,36,25,27,32,20,30,23,6.9,1
963,26,34,32,40,29,25,27,6.5,1
964,29,20,40,21,13,34,23,6.7,1
965,16,37,21,10,24,20,30,6.8,1
966,26,25,10,16,24,37,22,3.2,0
967,18,30,16,26,28,25,22,3.4,0
968,33,15,26,24,12,30,29,4.2,0
969,11,32,24,12,14,15,21,6.5,1
970,35,35,12,31,6,32,21,7.4,1
971,20,30,3,20,3,35,27,7.1,1
972,27,25,35,32,35,16,26,7.6,1
973,18,34,26,14,26,20,22,8,1
974,35,20,24,12,24,15,24,3.2,0
975,22,37,25,18,25,30,27,7.4,1
976,26,25,29,17,29,10,26,9.2,1
977,14,30,36,23,36,37,28,4.9,0
978,31,15,12,26,12,17,21,6.8,1
979,19,32,14,24,14,29,25,7.5,1
980,28,35,11,28,11,15,28,7.1,1
981,12,16,6,29,6,31,28,7.6,1
982,23,20,5,36,5,19,27,7.3,1
983,27,15,12,28,12,28,22,7.5,1
984,21,30,36,27,36,12,28,7.1,1
985,23,10,25,24,25,28,29,7.9,1
986,27,37,21,26,21,29,27,7.86,1
987,32,17,23,24,20,13,28,7.32,1
988,40,29,27,26,37,24,29,6.3,1
989,21,15,32,24,25,24,22,6.7,1
990,10,31,40,13,30,28,20,6.9,1
991,25,19,21,32,15,16,29,6.2,1
992,30,28,10,34,32,32,27,5.3,0
993,15,12,16,35,35,35,22,4.2,0
994,32,28,26,22,16,30,24,4,0
995,35,16,24,3,20,25,21,3.6,0
996,16,28,12,40,15,34,28,7.2,1
997,20,23,13,12,30,20,25,2.3,0
998,15,12,35,15,10,37,23,7.4,1
999,30,14,25,13,37,25,24,6.1,1
1000,10,6,21,16,17,30,25,4.2,0
1001,37,3,23,32,29,15,20,3,0
1002,17,35,27,26,30,32,22,7.6,1
1003,29,26,26,24,15,35,23,3.2,0
1004,15,24,25,22,32,30,29,7.1,1
1005,31,25,21,21,35,25,24,6,1
1006,19,29,18,13,16,34,23,3.2,0
1007,28,36,10,24,20,25,20,7.8,1
1008,12,12,9,26,15,30,29,8,1
1009,28,14,14,35,30,15,20,6.7,1
1010,16,11,16,8,10,32,24,9.6,1
1011,28,6,17,23,37,35,21,9.7,1
1012,23,5,20,20,17,30,24,1.3,0
1013,12,12,23,37,29,25,22,2.6,0
1014,14,36,26,25,15,34,25,7.9,1
1015,39,40,38,36,31,34,37,3.7,0
