student_id,computer_nw_score,software_engg_score,tfcs_score,pe2_score,oe2_score,oe3_score,iks_score,avg_attendance,avg_score,avg_class_interest
1,30,15,33,20,32,25,17,96,61.43,78.71
2,25,25,29,25,23,30,29,99.9,66.43,83.16
3,22,30,33,30,25,33,15,85.27,67.14,76.21
4,22,33,36,35,34,30,31,86.69,78.93,82.81
5,30,25,39,29,35,30,19,96.86,73.93,85.39
6,32,36,35,33,39,34,28,95.04,84.64,89.84
7,21,21,20,25,23,20,12,99.24,50.71,74.98
8,22,20,20,33,35,36,28,96.14,69.29,82.71
9,25,26,33,27,25,30,16,97.61,65.00,81.31
10,27,29,30,20,28,36,28,88.44,70.71,79.58
11,26,24,20,22,36,30,10,89.9,60.00,74.95
12,20,36,31,33,30,20,26,87.8,70.00,78.90
13,30,22,39,36,33,33,25,91.58,77.86,84.72
14,33,25,38,31,33,20,29,98.39,74.64,86.52
15,25,21,36,32,35,29,18,95.91,70.00,82.96
16,26,30,32,26,28,33,34,98.03,74.64,86.34
17,33,39,36,27,29,39,28,95.92,82.50,89.21
18,24,22,27,29,33,22,29,93.63,66.43,80.03
19,29,21,26,32,34,39,18,97.11,71.07,84.09
20,24,36,24,33,26,36,36,95.19,76.79,85.99
21,33,38,30,22,27,27,12,96.05,67.50,81.78
22,35,30,36,36,33,28,36,89.13,83.57,86.35
23,39,25,34,32,39,32,26,99.72,81.07,90.40
24,20,25,32,21,26,36,29,87.28,67.50,77.39
25,24,30,32,26,34,39,16,93.15,71.79,82.47
26,22,36,29,27,29,34,26,93.94,72.50,83.22
27,29,31,25,33,33,25,18,70.01,69.29,69.65
28,33,25,24,38,34,36,33,59.13,79.64,69.39
29,30,29,36,31,26,24,11,60.86,66.79,63.82
30,34,33,35,21,29,28,35,76.97,76.79,76.88
31,37,36,39,36,37,26,20,85.98,82.50,84.24
32,25,32,21,32,26,29,27,89.63,68.57,79.10
33,21,28,25,21,22,36,18,89.02,61.07,75.05
34,20,24,27,29,33,32,35,77.53,71.43,74.48
35,39,32,33,39,36,29,22,71,82.14,76.57
36,40,32,36,40,39,36,26,59.26,88.93,74.09
37,25,36,39,37,24,34,14,67.91,74.64,71.28
38,30,36,34,26,27,28,31,69.5,75.71,72.61
39,33,39,25,24,22,26,19,71.4,67.14,69.27
40,20,39,29,21,26,29,28,96.59,68.57,82.58
41,21,28,24,33,33,36,12,80.37,66.79,73.58
42,27,24,26,24,39,24,23,88.47,66.79,77.63
43,33,29,21,36,26,28,27,79.7,71.43,75.56
44,36,39,27,32,37,36,20,91.37,81.07,86.22
45,25,26,33,24,29,25,29,75.09,68.21,71.65
46,37,33,26,29,23,24,13,55.86,66.07,60.97
47,25,23,22,36,37,26,24,55.62,68.93,62.27
48,39,32,36,26,26,28,24,81.29,75.36,78.32
49,33,36,37,27,33,26,28,81.13,78.57,79.85
50,22,35,31,36,28,33,16,66.76,71.79,69.27
51,24,37,22,34,33,39,32,97.76,78.93,88.34
52,36,28,29,31,26,39,35,86.1,80.00,83.05
53,38,21,28,36,33,36,30,73.97,79.29,76.63
54,29,26,36,26,36,34,25,74.19,75.71,74.95
55,25,36,34,25,33,36,34,60.56,79.64,70.10
56,27,35,28,38,39,29,20,94.03,77.14,85.59
57,33,25,21,31,37,25,37,65.79,74.64,70.22
58,34,33,24,31,34,24,25,93.74,73.21,83.48
59,38,25,36,24,35,26,30,98.53,76.43,87.48
60,31,25,36,26,29,25,15,94.1,66.79,80.44
61,33,33,32,24,23,22,32,89.2,71.07,80.14
62,32,25,24,26,33,39,35,57.75,76.43,67.09
63,25,36,29,22,34,36,30,57.35,75.71,66.53
64,29,30,36,36,39,34,25,89.3,81.79,85.54
65,24,35,35,39,28,36,34,67.04,82.50,74.77
66,29,26,36,31,29,35,20,63.24,73.57,68.41
67,26,36,35,25,27,35,37,69.25,78.93,74.09
68,22,30,35,21,36,36,25,56.57,73.21,64.89
69,39,33,26,36,24,29,30,98.41,77.50,87.96
70,29,33,27,33,21,28,15,72.75,66.43,69.59
71,22,37,36,20,26,22,32,83.48,69.64,76.56
72,33,36,31,36,38,26,35,68.67,83.93,76.30
73,34,29,32,32,29,29,16,76.61,71.79,74.20
74,31,36,29,25,27,28,20,80.75,70.00,75.38
75,24,30,27,24,26,33,15,63.56,63.93,63.74
76,29,36,21,29,24,36,30,82.51,73.21,77.86
77,24,33,36,24,23,35,10,78.38,66.07,72.23
78,34,29,26,26,28,39,37,90.09,78.21,84.15
79,26,30,21,33,29,37,17,83.96,68.93,76.44
80,37,31,22,39,37,39,29,55.09,83.57,69.33
81,28,36,36,31,25,36,15,92.18,73.93,83.05
82,35,25,33,32,29,35,31,85.32,78.57,81.95
83,31,36,37,25,37,38,19,76.73,79.64,78.19
84,32,25,31,26,37,36,28,81.18,76.79,78.98
85,21,39,25,39,36,36,12,86.7,74.29,80.49
86,29,33,29,32,34,29,28,78.29,76.43,77.36
87,36,20,21,35,26,28,16,89.91,65.00,77.46
88,35,29,36,37,28,33,28,62.84,80.71,71.78
89,24,36,34,31,29,36,23,89.85,76.07,82.96
90,37,25,32,33,24,37,12,75.66,71.43,73.54
91,29,39,21,22,36,33,14,68.28,69.29,68.78
92,34,25,22,29,29,36,6,89.14,64.64,76.89
93,26,36,26,26,25,36,3,86.76,63.57,75.17
94,22,31,36,23,27,29,35,63.32,72.50,67.91
95,26,35,39,35,26,28,26,65.99,76.79,71.39
96,24,31,32,34,28,27,24,86.24,71.43,78.83
97,39,25,21,36,33,29,25,99.09,74.29,86.69
98,31,39,25,25,36,22,29,73.08,73.93,73.50
99,38,26,30,33,38,33,36,97.29,83.57,90.43
100,29,39,21,23,27,36,12,83.84,66.79,75.31
101,36,21,33,36,21,35,14,67.23,70.00,68.62
102,34,25,36,34,25,34,11,65.94,71.07,68.51
103,31,36,35,31,36,39,6,68.35,76.43,72.39
104,35,33,39,35,33,37,5,66.98,77.50,72.24
105,25,37,37,25,37,35,12,73.66,74.29,73.97
106,28,33,32,28,33,36,25,76.42,76.79,76.60
107,23,36,36,23,36,26,27,84.8,73.93,79.36
108,36,37,34,36,37,28,25,60.35,83.21,71.78
109,36,35,32,36,35,29,26,72.04,81.79,76.91
110,35,36,36,35,36,36,25,57.86,85.36,71.61
111,39,26,36,39,26,35,26,92.17,81.07,86.62
112,38,26,39,38,26,28,24,62.42,78.21,70.32
113,37,25,32,37,25,26,33,55.67,76.79,66.23
114,33,24,35,33,24,27,36,95.38,75.71,85.55
115,34,33,34,34,33,25,32,63.67,80.36,72.01
116,35,26,36,35,26,26,36,97.64,78.57,88.11
117,36,36,39,36,36,36,33,96.66,90.00,93.33
118,31,36,32,31,36,34,33,76.92,83.21,80.07
119,32,35,35,32,35,36,36,83.76,86.07,84.92
120,36,39,33,36,39,25,35,86.78,86.79,86.78
121,39,37,36,39,37,34,36,97.76,92.14,94.95
122,37,32,34,37,32,39,39,93.54,89.29,91.41
123,32,35,37,32,35,32,38,87.9,86.07,86.99
124,36,36,36,36,36,31,34,78.48,87.50,82.99
125,35,34,36,35,34,22,35,90.81,82.50,86.66
126,34,36,33,34,36,33,36,77.01,86.43,81.72
127,39,36,36,39,36,36,36,84.55,92.14,88.35
128,36,39,36,36,39,38,32,80.27,91.43,85.85
129,36,31,32,36,31,34,25,60.26,80.36,70.31
130,32,35,32,32,35,36,26,99.2,81.43,90.31
131,36,34,32,36,34,31,24,89.7,81.07,85.39
132,36,36,21,36,36,36,29,88.08,82.14,85.11
133,32,36,29,32,36,36,25,82.12,80.71,81.42
134,22,36,25,22,36,39,24,60.61,72.86,66.73
135,26,33,27,26,33,35,26,85.84,73.57,79.71
136,27,36,25,27,36,32,36,99.05,78.21,88.63
137,28,35,33,28,35,24,36,57.96,78.21,68.09
138,29,32,39,29,32,25,36,95.78,79.29,87.53
139,24,21,35,24,21,26,33,82.31,65.71,74.01
140,25,25,37,25,25,36,39,75.93,75.71,75.82
141,26,26,36,26,26,39,38,76.5,77.50,77.00
142,32,29,32,32,29,35,34,64.58,79.64,72.11
143,36,32,36,36,32,34,33,70.48,85.36,77.92
144,32,26,36,32,26,37,33,65.43,79.29,72.36
145,36,28,35,36,28,33,36,91.64,82.86,87.25
146,36,32,39,36,32,36,36,81.43,88.21,84.82
147,39,36,32,39,36,35,39,84.99,91.43,88.21
148,38,23,34,38,23,32,37,63.65,80.36,72.00
149,37,25,37,37,25,34,35,55.79,82.14,68.97
150,36,36,25,36,36,32,34,60.59,83.93,72.26
151,33,35,21,33,35,32,35,78.76,80.00,79.38
152,32,36,26,32,36,21,36,82.7,78.21,80.46
153,25,39,28,25,39,25,38,74.12,78.21,76.17
154,26,32,24,26,32,26,36,58.38,72.14,65.26
155,24,21,29,24,21,24,31,72.21,62.14,67.18
156,25,23,25,25,23,26,25,74.37,61.43,67.90
157,26,25,26,26,25,29,26,87.59,65.36,76.47
158,28,26,36,28,26,28,28,82.67,71.43,77.05
159,29,28,33,29,28,32,26,92.6,73.21,82.91
160,24,29,39,24,29,36,27,98.6,74.29,86.44
161,26,32,35,26,32,32,28,84.52,75.36,79.94
162,32,36,38,32,36,36,29,88.1,85.36,86.73
163,33,34,34,33,34,35,22,93.27,80.36,86.81
164,36,37,37,36,37,36,26,81.85,87.50,84.68
165,39,38,21,39,38,36,25,93.44,84.29,88.86
166,38,25,25,38,25,39,29,97.18,78.21,87.70
167,37,26,22,37,26,38,36,83.62,79.29,81.45
168,35,29,29,35,29,37,39,64.31,83.21,73.76
169,36,25,28,36,25,32,38,61.96,78.57,70.27
170,32,36,21,32,36,36,37,89.05,82.14,85.60
171,31,26,25,31,26,35,36,67.66,75.00,71.33
172,33,36,22,33,36,36,39,89.38,83.93,86.65
173,36,34,26,36,34,36,35,84.36,84.64,84.50
174,35,36,36,35,36,32,36,63.2,87.86,75.53
175,39,32,38,39,32,33,31,56.73,87.14,71.94
176,34,36,35,34,36,36,32,73.43,86.79,80.11
177,32,26,36,32,26,35,36,81.71,79.64,80.68
178,35,25,34,35,25,24,36,65.83,76.43,71.13
179,33,21,39,33,21,25,33,96.05,73.21,84.63
180,36,28,37,36,28,29,36,80.83,82.14,81.49
181,39,29,36,39,29,28,36,84.89,84.29,84.59
182,36,32,39,36,32,25,35,73.86,83.93,78.89
183,33,25,33,33,25,26,32,86.72,73.93,80.32
184,36,26,36,36,26,24,34,67.06,77.86,72.46
185,35,22,36,35,22,25,39,94.69,76.43,85.56
186,39,33,38,39,33,28,38,98.31,88.57,93.44
187,34,33,37,34,33,23,37,69.8,82.50,76.15
188,36,36,36,36,36,36,32,82.08,88.57,85.33
189,35,39,39,35,39,36,31,83.32,90.71,87.02
190,39,36,32,39,36,35,36,57.15,90.36,73.75
191,38,35,36,38,35,39,33,89.11,90.71,89.91
192,34,34,36,34,34,38,32,56.19,86.43,71.31
193,36,35,36,36,35,37,25,73.84,85.71,79.78
194,33,35,39,33,35,33,21,58.22,81.79,70.00
195,36,36,35,36,36,34,28,71.65,86.07,78.86
196,35,26,25,35,26,35,26,62.76,74.29,68.52
197,36,28,26,36,28,36,30,69.27,78.57,73.92
198,32,29,29,32,29,31,25,97.73,73.93,85.83
199,34,27,36,34,27,32,21,76.93,75.36,76.14
200,36,26,33,36,26,36,22,91.09,76.79,83.94
201,26,25,36,26,25,39,24,78.2,71.79,74.99
202,28,33,35,28,33,37,23,98.92,77.50,88.21
203,29,36,36,29,36,32,24,84.28,79.29,81.78
204,21,25,22,21,25,36,23,96.04,61.79,78.91
205,24,39,32,24,39,35,27,94.7,78.57,86.64
206,25,36,36,25,36,34,23,69.77,76.79,73.28
207,26,35,39,26,35,39,30,71.56,82.14,76.85
208,32,37,34,32,37,36,22,89.19,82.14,85.67
209,36,35,21,36,35,36,22,71.51,78.93,75.22
210,32,36,25,32,36,32,29,81.57,79.29,80.43
211,36,35,26,36,35,36,21,78.56,80.36,79.46
212,36,36,25,36,36,36,21,84.15,80.71,82.43
213,39,34,29,39,34,32,27,72.5,83.57,78.04
214,38,32,28,38,32,22,26,66.61,77.14,71.88
215,32,32,36,32,32,26,22,96.49,75.71,86.10
216,25,36,36,25,36,27,24,71.88,74.64,73.26
217,21,36,39,21,36,28,27,64.1,74.29,69.19
218,31,34,35,31,34,29,28,85.62,79.29,82.45
219,25,32,37,25,32,24,26,65.33,71.79,68.56
220,36,21,32,36,21,25,22,91.87,68.93,80.40
221,36,26,36,36,26,26,21,70.69,73.93,72.31
222,35,25,35,35,25,32,30,95.31,77.50,86.41
223,38,29,36,38,29,36,20,58.88,80.71,69.80
224,39,28,32,39,28,32,22,80.92,78.57,79.75
225,37,24,33,37,24,36,20,76.66,75.36,76.01
226,36,21,39,36,21,36,20,92.95,74.64,83.80
227,39,23,32,39,23,39,26,98.08,78.93,88.50
228,37,36,34,37,36,38,28,91.14,87.86,89.50
229,36,32,35,36,32,37,26,91.38,83.57,87.48
230,35,36,36,35,36,36,24,75.01,85.00,80.01
231,39,32,38,39,32,33,21,84.25,83.57,83.91
232,36,33,37,36,33,32,27,72.46,83.57,78.02
233,34,39,32,34,39,25,26,94.77,81.79,88.28
234,37,36,36,37,36,26,21,94,81.79,87.89
235,36,38,32,36,38,24,31,74.04,83.93,78.98
236,32,37,26,32,37,25,29,63.64,77.86,70.75
237,21,35,21,21,35,26,25,85.83,65.71,75.77
238,25,36,25,25,36,28,27,69.51,72.14,70.83
239,24,33,21,24,33,29,26,90.64,67.86,79.25
240,25,36,22,25,36,24,20,82.16,67.14,74.65
241,36,34,26,36,34,26,29,79.46,78.93,79.19
242,36,35,29,36,35,32,21,92.93,80.00,86.47
243,35,36,25,35,36,33,23,76.91,79.64,78.28
244,36,32,27,36,32,36,25,88.25,80.00,84.13
245,33,37,25,33,37,39,24,62.04,81.43,71.73
246,36,32,26,36,32,38,22,95.14,79.29,87.21
247,39,25,25,39,25,37,20,68.56,75.00,71.78
248,35,21,26,35,21,35,31,83.61,72.86,78.23
249,34,25,24,34,25,36,27,81.25,73.21,77.23
250,36,26,33,36,26,32,25,87.15,76.43,81.79
251,32,28,36,32,28,31,23,86.64,75.00,80.82
252,26,26,32,26,26,33,20,69.03,67.50,68.27
253,25,26,36,25,26,36,29,71.81,72.50,72.16
254,25,35,33,25,35,35,22,57.46,75.00,66.23
255,26,34,33,26,34,39,26,77.6,77.86,77.73
256,23,36,36,23,36,34,21,56.4,74.64,65.52
257,24,39,35,24,39,32,25,65.71,77.86,71.78
258,28,38,36,28,38,35,24,57.54,81.07,69.31
259,26,34,39,26,34,33,29,76.82,78.93,77.87
260,24,35,38,24,35,36,27,63.35,78.21,70.78
261,28,32,34,28,32,39,26,98.93,78.21,88.57
262,26,35,35,26,35,36,28,80.41,78.93,79.67
263,26,36,36,26,36,33,24,69.39,77.50,73.45
264,25,25,36,25,25,36,27,58,71.07,64.54
265,26,26,32,26,26,35,25,99.76,70.00,84.88
266,24,29,25,24,29,39,21,86.74,68.21,77.48
267,28,28,26,28,28,34,27,63.86,71.07,67.47
268,23,35,24,23,35,36,29,70.93,73.21,72.07
269,36,36,29,36,36,35,26,92.15,83.57,87.86
270,39,35,25,39,35,39,29,66.79,86.07,76.43
271,38,33,24,38,33,38,27,67,82.50,74.75
272,35,39,26,35,39,34,30,96.16,85.00,90.58
273,34,35,36,34,35,36,32,58.64,86.43,72.53
274,33,36,36,33,36,33,23,99.86,82.14,91.00
275,36,35,36,36,35,36,21,95.23,83.93,89.58
276,39,31,33,39,31,35,23,67.95,82.50,75.23
277,38,32,39,38,32,36,21,72.08,84.29,78.18
278,37,39,38,37,39,32,28,71.89,89.29,80.59
279,32,38,34,32,38,34,27,84.86,83.93,84.39
280,36,25,33,36,25,36,21,65.25,75.71,70.48
281,39,29,33,39,29,26,30,63.26,80.36,71.81
282,34,27,36,34,27,28,28,96.44,76.43,86.43
283,36,21,36,36,21,29,23,81.64,72.14,76.89
284,39,23,39,39,23,21,27,98.8,75.36,87.08
285,35,32,37,35,32,24,22,59.26,77.50,68.38
286,32,36,35,32,36,25,24,72.51,78.57,75.54
287,36,35,34,36,35,26,32,92.82,83.57,88.20
288,32,34,35,32,34,32,28,67.01,81.07,74.04
289,34,32,36,34,32,36,24,89.5,81.43,85.46
290,32,31,38,32,31,32,25,99.25,78.93,89.09
291,36,39,36,36,39,36,32,68.96,90.71,79.84
292,23,35,31,23,35,36,23,94.66,73.57,84.12
293,36,34,25,36,34,39,25,67.26,81.79,74.52
294,36,36,26,36,36,38,34,91.11,86.43,88.77
295,3,35,28,3,35,32,35,89.72,61.07,75.40
296,36,34,26,36,34,25,39,56.87,82.14,69.51
297,32,39,27,32,39,21,23,88.52,76.07,82.30
298,36,32,28,36,32,31,35,62.36,82.14,72.25
299,39,25,29,39,25,25,25,89.4,73.93,81.66
300,35,26,22,35,26,36,28,58.03,74.29,66.16
301,36,28,26,36,28,36,36,94.64,80.71,87.68
302,36,29,25,36,29,35,30,89.99,78.57,84.28
303,35,24,29,35,24,38,33,69.29,77.86,73.57
304,39,25,36,39,25,39,33,67.9,84.29,76.09
305,37,23,39,37,23,37,35,77.82,82.50,80.16
306,32,36,38,32,36,36,28,82.01,85.00,83.51
307,32,38,37,32,38,39,29,81,87.50,84.25
308,36,37,36,36,37,37,33,73.87,90.00,81.94
309,36,36,39,36,36,36,34,99.85,90.36,95.10
310,35,36,35,35,36,35,26,75.53,85.00,80.27
311,32,35,36,32,35,39,27,86.96,84.29,85.62
312,36,39,31,36,39,36,33,76.8,89.29,83.04
313,36,37,32,36,37,34,39,75.63,89.64,82.64
314,37,32,36,37,32,37,26,70.27,84.64,77.46
315,32,25,36,32,25,36,34,66.55,78.57,72.56
316,36,26,33,36,26,32,29,71.87,77.86,74.86
317,31,28,36,31,28,21,33,85.75,74.29,80.02
318,36,26,36,36,26,25,34,61.52,78.21,69.87
319,36,33,35,36,33,24,26,60.6,79.64,70.12
320,32,36,32,32,36,25,29,58.85,79.29,69.07
321,36,38,34,36,38,36,37,63.7,91.07,77.39
322,36,34,39,36,34,36,26,80.6,86.07,83.34
323,36,25,38,36,25,35,22,92.53,77.50,85.02
324,32,26,37,32,26,36,33,70.67,79.29,74.98
325,34,29,32,34,29,33,36,58.79,81.07,69.93
326,32,36,31,32,36,36,39,75.79,86.43,81.11
327,21,36,36,21,36,39,24,73.66,76.07,74.87
328,25,35,33,25,35,35,27,67.73,76.79,72.26
329,26,34,32,26,34,34,22,90.58,74.29,82.43
330,22,32,25,29,32,36,26,81.46,72.14,76.80
331,36,36,21,32,36,32,33,79.48,80.71,80.10
332,38,38,28,35,38,26,39,63.01,86.43,74.72
333,39,32,26,36,32,25,26,65.14,77.14,71.14
334,27,22,30,24,25,23,37,98.22,67.14,82.68
335,25,24,25,21,23,22,29,59.93,60.36,60.14
336,23,27,21,24,26,27,23,87.25,61.07,74.16
337,20,28,22,22,25,26,37,60.64,64.29,62.46
338,29,26,24,25,27,22,26,74.35,63.93,69.14
339,22,25,23,26,22,25,33,76.12,62.86,69.49
340,26,23,24,22,20,24,28,90.73,59.64,75.19
341,21,22,23,27,24,26,33,57.85,62.86,60.35
342,25,23,27,24,23,20,26,83.03,60.00,71.52
343,24,25,23,22,24,21,33,98.62,61.43,80.02
344,29,27,30,25,20,24,36,90.8,68.21,79.51
345,27,21,22,27,28,26,33,71.57,65.71,68.64
346,26,25,22,21,29,24,39,59.58,66.43,63.00
347,28,20,29,22,25,24,37,96.18,66.07,81.13
348,24,28,21,25,27,26,34,62.6,66.07,64.34
349,27,23,21,28,24,22,35,58.46,64.29,61.37
350,25,21,27,24,29,20,29,59.9,62.50,61.20
351,21,24,26,21,22,28,23,69.99,58.93,64.46
352,27,30,22,27,26,24,33,87.03,67.50,77.27
353,29,21,24,25,28,26,34,72.33,66.79,69.56
354,26,28,27,21,24,30,39,72.33,69.64,70.99
355,29,21,28,26,24,28,28,62.54,65.71,64.13
356,27,25,26,28,29,21,29,93.79,66.07,79.93
357,30,29,22,21,28,24,27,83.83,64.64,74.24
358,32,24,21,25,21,20,36,92.77,63.93,78.35
359,23,27,30,28,26,21,24,76.1,63.93,70.01
360,21,22,20,28,27,28,21,85.32,59.64,72.48
361,23,25,22,27,20,27,26,91.08,60.71,75.90
362,21,27,20,22,24,23,38,89.68,62.50,76.09
363,28,26,20,28,22,24,29,75.96,63.21,69.59
364,27,23,26,29,30,25,27,72.36,66.79,69.57
365,21,22,28,27,24,20,26,68.98,60.00,64.49
366,30,20,26,28,21,22,24,91.11,61.07,76.09
367,28,27,24,29,26,23,23,83.99,64.29,74.14
368,23,21,21,22,27,29,28,75.54,61.07,68.31
369,27,25,27,20,26,24,29,91.06,63.57,77.32
370,22,27,26,29,28,23,37,62.66,68.57,65.62
371,24,28,21,27,26,20,25,71.25,61.07,66.16
372,32,26,31,27,30,29,29,96.4,72.86,84.63
373,28,21,29,24,23,20,37,94.08,65.00,79.54
374,24,21,25,22,28,24,37,96.86,64.64,80.75
375,25,25,27,24,21,21,36,91.35,63.93,77.64
376,28,29,26,27,25,24,34,75.59,68.93,72.26
377,26,24,20,28,29,22,26,80.16,62.50,71.33
378,21,27,29,26,24,25,28,94.73,64.29,79.51
379,22,22,21,25,27,26,29,97.21,61.43,79.32
380,30,25,23,23,22,22,24,92.51,60.36,76.43
381,28,27,25,22,25,27,36,68.97,67.86,68.41
382,29,26,24,23,27,24,29,91.24,65.00,78.12
383,26,23,22,25,26,22,25,73.27,60.36,66.81
384,24,22,20,27,23,25,27,56.73,60.00,58.37
385,22,20,31,21,22,27,26,86.54,60.36,73.45
386,20,27,27,25,20,21,28,56.61,60.00,58.31
387,32,21,25,20,27,22,33,71.73,64.29,68.01
388,29,25,23,28,21,25,36,72.83,66.79,69.81
389,27,27,20,23,25,28,38,62.22,67.14,64.68
390,25,28,29,21,27,24,27,93.75,64.64,79.20
391,26,26,22,24,28,21,21,65.4,60.00,62.70
392,23,21,26,30,26,27,25,84.26,63.57,73.92
393,28,29,21,21,27,25,36,89.71,66.79,78.25
394,27,27,25,28,28,21,33,78.57,67.50,73.04
395,22,28,24,21,26,26,37,77.16,65.71,71.44
396,34,29,29,25,21,28,33,55.84,71.07,63.46
397,27,22,27,29,29,21,36,90.58,68.21,79.40
398,26,20,26,24,27,25,37,89.19,66.07,77.63
399,24,29,28,27,28,28,35,95.75,71.07,83.41
400,29,27,24,22,29,28,36,80.72,69.64,75.18
401,21,27,27,25,22,27,26,77.88,62.50,70.19
402,20,24,25,27,20,22,26,77.06,58.57,67.82
403,28,22,21,26,29,28,25,88.63,63.93,76.28
404,24,24,27,23,27,29,24,93.35,63.57,78.46
405,29,27,29,22,27,27,33,99.16,69.29,84.22
406,23,28,26,20,24,28,26,92.61,62.50,77.56
407,21,26,29,27,22,29,36,78.5,67.86,73.18
408,27,25,27,21,24,22,36,97.93,65.00,81.47
409,25,23,30,25,27,20,35,95.05,66.07,80.56
410,26,22,32,27,28,29,39,59.32,72.50,65.91
411,20,23,23,28,26,27,37,68.94,65.71,67.33
412,28,25,21,26,25,27,32,70.84,65.71,68.28
413,30,27,23,21,23,24,35,99.11,65.36,82.23
414,31,21,21,26,22,25,36,62.25,65.00,63.63
415,24,25,28,21,23,28,34,94.45,65.36,79.90
416,28,20,27,31,25,28,36,85.43,69.64,77.54
417,26,28,21,29,31,27,36,67.23,70.71,68.97
418,27,23,30,25,29,22,39,78.52,69.64,74.08
419,29,21,28,27,25,28,31,65.18,67.50,66.34
420,21,24,23,26,27,29,35,86.11,66.07,76.09
421,24,30,27,20,26,27,34,76.78,67.14,71.96
422,27,21,22,29,20,28,36,75.25,65.36,70.30
423,26,28,24,21,29,29,36,68.98,68.93,68.95
424,24,21,32,23,21,22,36,56.02,63.93,59.97
425,25,25,28,25,23,20,33,69.02,63.93,66.47
426,22,29,24,24,25,29,36,77.34,67.50,72.42
427,20,24,25,22,24,27,35,93.52,63.21,78.37
428,27,27,28,23,22,21,32,93.48,64.29,78.88
429,28,22,26,20,20,24,21,82.52,57.50,70.01
430,23,25,21,24,31,24,25,65.89,61.79,63.84
431,23,27,22,23,27,21,26,72.68,60.36,66.52
432,25,26,30,24,25,24,29,70.38,65.36,67.87
433,28,23,28,20,22,22,32,83.38,62.50,72.94
434,29,22,29,28,24,25,26,71.81,65.36,68.58
435,20,20,26,29,28,26,28,75.06,63.21,69.14
436,21,27,24,25,21,22,32,64.53,61.43,62.98
437,27,21,22,27,29,27,36,94.05,67.50,80.78
438,26,25,20,24,24,24,23,56.74,59.29,58.01
439,27,27,32,29,21,22,25,67.57,65.36,66.46
440,28,28,29,22,24,23,36,57.29,67.86,62.57
441,21,26,27,26,22,24,35,71.51,64.64,68.08
442,25,21,25,28,25,23,36,85.73,65.36,75.54
443,29,26,26,24,26,27,39,88,70.36,79.18
444,27,22,23,24,22,23,32,62.58,61.79,62.18
445,20,24,28,29,27,30,21,64.15,63.93,64.04
446,24,27,27,28,24,22,23,64.72,62.50,63.61
447,21,28,22,21,22,22,25,86.47,57.50,71.99
448,24,26,34,26,25,29,26,91.62,67.86,79.74
449,22,22,27,27,27,21,28,71.12,62.14,66.63
450,25,21,26,20,21,21,29,75.38,58.21,66.80
451,26,30,24,24,22,27,32,95.07,66.07,80.57
452,22,20,29,22,25,26,36,69.08,64.29,66.68
453,27,22,21,30,28,22,34,60.45,65.71,63.08
454,24,20,20,24,24,24,37,61.95,61.79,61.87
455,22,20,28,21,21,27,38,78.55,63.21,70.88
456,25,26,24,26,27,28,25,65.28,64.64,64.96
457,27,28,29,27,25,26,26,59.05,67.14,63.10
458,21,26,23,26,21,22,29,81.47,60.00,70.74
459,22,24,21,28,26,25,25,92.19,61.07,76.63
460,25,21,27,26,28,24,36,94.33,66.79,80.56
461,28,27,25,30,21,26,26,82.86,65.36,74.11
462,24,26,26,23,25,20,36,57.01,64.29,60.65
463,21,21,20,24,28,21,34,78.54,60.36,69.45
464,27,31,28,23,28,24,36,76.01,70.36,73.18
465,25,29,30,27,27,26,32,57.93,70.00,63.97
466,21,25,31,20,22,24,36,70.95,63.93,67.44
467,26,27,24,27,28,26,26,75.39,65.71,70.55
468,28,26,28,28,29,28,25,78.46,68.57,73.52
469,21,20,26,23,27,21,21,59.56,56.79,58.17
470,25,29,27,23,28,25,28,93.74,66.07,79.91
471,28,21,29,25,29,28,29,96.59,67.50,82.05
472,28,23,21,28,22,28,32,76.22,65.00,70.61
473,27,25,24,29,20,27,25,70.87,63.21,67.04
474,22,24,27,20,29,22,26,89.21,60.71,74.96
475,28,22,26,21,27,28,22,85.11,62.14,73.63
476,29,23,24,27,27,29,33,66.78,68.57,67.68
477,27,20,25,26,24,27,33,56.45,65.00,60.73
478,28,24,22,27,20,28,36,71.47,66.07,68.77
479,29,23,20,28,27,29,39,85.42,69.64,77.53
480,22,24,27,21,28,22,36,85.78,64.29,75.03
481,20,20,28,25,23,20,35,90.39,61.07,75.73
482,29,28,23,29,23,29,34,80.19,69.64,74.92
483,27,29,23,27,25,27,35,84.42,68.93,76.67
484,27,25,25,20,28,21,35,93.25,64.64,78.95
485,24,27,28,24,29,24,36,72.75,68.57,70.66
486,25,24,29,21,20,24,26,93.68,60.36,77.02
487,23,29,20,24,21,21,28,96.43,59.29,77.86
488,26,22,21,22,27,24,29,82.36,61.07,71.72
489,25,26,27,25,26,22,27,76.47,63.57,70.02
490,27,28,26,26,27,25,26,74.1,66.07,70.09
491,22,24,27,22,28,21,25,95,60.36,77.68
492,20,24,28,27,21,28,33,99.11,64.64,81.88
493,24,29,21,24,25,27,36,94.93,66.43,80.68
494,23,28,25,22,29,25,25,57.35,63.21,60.28
495,24,21,29,25,27,23,39,85.4,67.14,76.27
496,20,26,27,27,20,20,36,90.23,62.86,76.54
497,28,27,20,21,26,29,35,92.3,66.43,79.36
498,29,20,22,22,28,22,37,71.91,64.29,68.10
499,25,24,24,25,24,26,35,97.85,65.36,81.60
500,27,22,27,28,24,21,36,71.94,66.07,69.01
501,24,30,28,24,29,25,35,85.85,69.64,77.75
502,29,24,26,21,28,24,36,94.97,67.14,81.06
503,22,21,25,27,25,29,34,75.41,65.36,70.38
504,26,26,23,25,27,27,32,88.18,66.43,77.30
505,28,27,22,21,21,26,32,76.95,63.21,70.08
506,24,26,23,26,25,28,36,69.56,67.14,68.35
507,24,28,25,28,20,24,36,83.53,66.07,74.80
508,29,26,27,21,28,27,34,86.39,68.57,77.48
509,28,30,21,25,23,25,32,81.16,65.71,73.44
510,21,23,25,28,21,21,21,68.79,57.14,62.97
511,26,24,20,28,24,27,26,59.64,62.50,61.07
512,27,23,28,27,30,29,25,81.79,67.50,74.65
513,20,27,23,22,21,26,29,92.95,60.00,76.48
514,24,23,21,28,28,29,28,72.58,64.64,68.61
515,22,30,24,29,28,27,24,78.52,65.71,72.12
516,30,22,30,27,24,30,21,67.37,65.71,66.54
517,24,22,21,28,26,32,23,90.21,62.86,76.53
518,21,29,28,29,30,23,36,95.82,70.00,82.91
519,26,21,21,22,28,21,32,65.64,61.07,63.36
520,27,21,25,20,21,23,36,85.64,61.79,73.71
521,26,27,29,29,24,21,32,77.01,67.14,72.08
522,28,26,24,27,23,28,33,78.96,67.50,73.23
523,26,22,27,27,24,27,39,68.81,68.57,68.69
524,30,24,22,24,23,21,36,60.84,64.29,62.56
525,23,27,25,25,27,30,38,97.29,69.64,83.47
526,23,28,27,23,23,28,37,70.77,67.50,69.14
527,22,26,26,26,30,23,35,93.81,67.14,80.48
528,27,22,23,25,22,27,36,55.72,65.00,60.36
529,26,25,22,27,22,22,33,69.46,63.21,66.34
530,22,24,20,22,29,24,36,65.78,63.21,64.50
531,25,26,27,20,21,32,34,86.2,66.07,76.14
532,24,20,21,24,21,28,35,71.84,61.79,66.81
533,26,21,25,23,27,24,36,57.43,65.00,61.22
534,20,24,27,24,26,25,32,58.14,63.57,60.86
535,21,26,28,20,22,28,37,61.72,65.00,63.36
536,24,24,26,23,24,26,32,86.57,63.93,75.25
537,26,24,21,27,27,21,25,78.25,61.07,69.66
538,24,26,21,23,21,22,21,76.55,56.43,66.49
539,24,22,25,30,23,30,25,76.48,63.93,70.20
540,26,20,29,22,27,28,26,86.08,63.57,74.83
541,22,28,24,22,25,29,28,69.52,63.57,66.55
542,20,24,27,29,24,26,26,97.23,62.86,80.04
543,28,26,22,21,22,24,26,59.52,60.36,59.94
544,24,30,25,21,20,22,35,75.49,63.21,69.35
545,26,28,27,27,29,20,34,67.55,68.21,67.88
546,30,21,26,26,20,32,36,90.81,68.21,79.51
547,28,24,23,22,32,29,39,87.55,70.36,78.95
548,21,23,22,24,33,27,38,70.33,67.14,68.74
549,24,24,20,27,28,25,34,96.78,65.00,80.89
550,20,23,27,28,24,26,35,59.66,65.36,62.51
551,21,27,21,26,26,23,32,63.15,62.86,63.00
552,28,23,25,22,30,28,35,80,68.21,74.11
553,27,30,27,21,28,27,36,79.8,70.00,74.90
554,23,22,28,30,21,22,25,96.11,61.07,78.59
555,24,22,26,20,24,34,26,79.7,62.86,71.28
556,25,29,21,22,23,27,29,57.2,62.86,60.03
557,20,21,23,20,24,26,28,91.87,57.86,74.86
558,22,21,22,20,23,24,35,73.98,59.64,66.81
559,23,27,27,26,27,29,36,83.85,69.64,76.75
560,29,26,26,28,23,21,36,99.69,67.50,83.60
561,24,22,22,26,30,20,35,59.67,63.93,61.80
562,23,24,25,24,22,28,36,85.2,65.00,75.10
563,20,27,24,21,22,24,33,58.56,61.07,59.82
564,29,28,26,27,29,29,36,62.64,72.86,67.75
565,20,26,20,26,21,23,39,65.45,62.50,63.98
566,24,22,21,21,21,21,35,56.48,58.93,57.70
567,21,21,24,31,27,27,34,90.56,66.07,78.32
568,24,30,26,29,26,25,36,89.87,70.00,79.94
569,22,20,24,25,22,26,32,69.67,61.07,65.37
570,25,22,24,27,24,20,26,82.53,60.00,71.27
571,26,20,26,26,27,28,25,91.55,63.57,77.56
572,22,20,22,20,26,30,23,76.23,58.21,67.22
573,27,26,20,29,28,31,22,70.5,65.36,67.93
574,24,28,28,21,21,24,27,69.31,61.79,65.55
575,22,26,24,23,25,28,26,64.53,62.14,63.34
576,25,24,26,25,28,26,22,67.53,62.86,65.19
577,27,21,30,24,28,27,25,82.65,65.00,73.83
578,21,27,28,22,27,29,24,59.27,63.57,61.42
579,22,26,21,20,22,21,26,89.34,56.43,72.88
580,25,21,24,31,28,24,20,93.35,61.79,77.57
581,28,31,20,27,29,27,21,71.71,65.36,68.53
582,24,29,21,25,27,26,24,67.29,62.86,65.07
583,21,25,28,23,28,24,26,79.01,62.50,70.76
584,27,27,27,20,29,25,24,93.36,63.93,78.64
585,25,26,23,29,22,22,24,95.14,61.07,78.11
586,21,20,24,22,20,20,26,74.03,54.64,64.34
587,26,29,25,26,29,27,22,87.23,65.71,76.47
588,28,21,20,21,27,28,20,87.87,58.93,73.40
589,21,23,22,25,22,23,28,88.76,58.57,73.67
590,25,25,23,24,24,23,24,67.73,60.00,63.87
591,28,24,29,29,21,25,26,59.67,65.00,62.34
592,28,22,24,27,28,28,30,75.09,66.79,70.94
593,27,20,23,26,25,29,28,69.25,63.57,66.41
594,22,31,20,28,23,20,21,96.55,58.93,77.74
595,28,27,29,24,24,21,24,69.87,63.21,66.54
596,29,25,20,27,25,27,20,72.96,61.79,67.37
597,27,23,24,25,20,26,21,91.66,59.29,75.47
598,28,20,21,21,22,27,28,95.62,59.64,77.63
599,29,29,24,27,23,28,27,95.57,66.79,81.18
600,22,22,22,29,29,21,23,82.98,60.00,71.49
601,20,26,25,26,24,25,24,63.64,60.71,62.18
602,29,21,26,29,23,29,25,93.57,65.00,79.29
603,27,25,22,27,20,27,20,91.01,60.00,75.51
604,27,24,27,30,29,20,22,89.44,63.93,76.68
605,24,29,24,32,20,27,23,72.64,63.93,68.28
606,24,27,22,23,24,28,29,58.61,63.21,60.91
607,21,24,25,21,21,21,24,96.51,56.07,76.29
608,24,21,27,23,24,29,23,63.63,61.07,62.35
609,22,24,21,21,22,23,20,59.52,54.64,57.08
610,25,22,22,28,25,21,29,76.69,61.43,69.06
611,26,25,25,27,29,28,20,75.92,64.29,70.10
612,22,26,28,21,26,21,27,92.68,61.07,76.88
613,27,22,24,30,24,25,26,56.35,63.57,59.96
614,24,27,21,27,22,29,20,95.5,60.71,78.11
615,22,24,27,22,24,24,30,98.71,61.79,80.25
616,25,22,25,20,27,27,33,72.11,63.93,68.02
617,27,25,21,24,28,22,25,93.08,61.43,77.25
618,21,27,26,23,26,25,26,88.34,62.14,75.24
619,22,21,28,24,25,27,33,91.78,64.29,78.03
620,25,22,21,20,23,26,24,95.98,57.50,76.74
621,28,25,25,28,22,23,29,82.6,64.29,73.44
622,24,28,28,29,23,22,24,62.11,63.57,62.84
623,21,24,28,25,25,20,33,59.68,62.86,61.27
624,27,21,27,27,27,27,35,62.35,68.21,65.28
625,25,27,22,24,21,29,39,67.52,66.79,67.15
626,21,25,28,29,22,23,20,96.41,60.00,78.21
627,26,21,29,22,25,21,24,96.36,60.00,78.18
628,28,26,27,26,28,27,22,78.78,65.71,72.25
629,21,28,28,28,24,25,29,96.15,65.36,80.75
630,25,21,29,24,21,26,33,64.71,63.93,64.32
631,28,25,22,24,27,20,30,84.82,62.86,73.84
632,28,28,20,29,25,28,34,75.99,68.57,72.28
633,27,28,29,28,21,30,37,92.11,71.43,81.77
634,22,27,27,21,26,31,25,60.77,63.93,62.35
635,28,22,21,26,28,24,21,93.5,60.71,77.11
636,29,28,24,27,21,28,20,72.5,63.21,67.86
637,27,29,24,20,25,26,39,91.45,67.86,79.65
638,28,27,21,24,28,27,40,72.02,69.64,70.83
639,29,28,24,22,28,29,25,86.9,66.07,76.49
640,22,29,22,30,27,21,30,68.32,64.64,66.48
641,20,22,25,24,22,24,33,85.17,60.71,72.94
642,29,20,26,21,28,27,20,68.21,61.07,64.64
643,27,29,22,26,29,26,21,68.92,64.29,66.60
644,27,27,27,27,27,24,27,80.18,66.43,73.30
645,24,27,24,26,21,25,33,76.7,64.29,70.49
646,22,24,22,28,22,22,36,96.98,62.86,79.92
647,24,22,25,26,29,20,25,64.8,61.07,62.94
648,27,24,27,30,21,27,37,61.64,68.93,65.28
649,28,27,21,23,24,28,25,89.62,62.86,76.24
650,26,28,22,28,27,23,39,78.38,68.93,73.65
651,25,26,25,21,26,23,33,63.57,63.93,63.75
652,23,25,28,25,24,25,22,65.95,61.43,63.69
653,22,23,24,29,25,28,24,85.85,62.50,74.18
654,23,22,21,24,22,29,36,72.54,63.21,67.88
655,25,23,27,27,20,20,38,78.26,64.29,71.27
656,27,25,25,22,27,21,29,94.03,62.86,78.44
657,21,27,21,25,28,27,25,87.97,62.14,75.06
658,25,21,26,27,23,26,27,83.53,62.50,73.02
659,20,25,28,26,23,25,33,94.55,64.29,79.42
660,28,20,21,23,25,21,34,60.17,61.43,60.80
661,23,28,25,29,28,28,38,86.72,71.07,78.90
662,21,23,28,24,29,26,31,87.1,65.00,76.05
663,24,21,28,22,20,20,33,93.54,60.00,76.77
664,30,24,27,27,21,27,32,81.69,67.14,74.42
665,21,30,22,23,27,29,25,94.81,63.21,79.01
666,28,21,28,31,26,22,29,64.28,66.07,65.18
667,25,30,35,32,28,15,24,63.84,67.50,65.67
668,22,25,30,23,27,30,29,74.87,66.43,70.65
669,18,20,22,19,21,10,26,85.3,48.57,66.94
670,27,33,29,35,31,37,22,87.73,76.43,82.08
671,15,12,14,16,13,17,39,60.37,45.00,52.69
672,20,24,26,27,21,29,29,83.77,62.86,73.31
673,32,35,30,33,34,15,22,82.19,71.79,76.99
674,16,17,18,19,16,31,33,78.81,53.57,66.19
675,23,26,24,25,28,19,34,74.37,63.93,69.15
676,21,22,23,24,23,28,31,85.73,61.43,73.58
677,26,28,25,26,27,12,24,70.53,60.00,65.27
678,17,18,19,18,17,28,29,67.16,52.14,59.65
679,31,34,31,33,35,16,24,78.99,72.86,75.92
680,22,24,26,25,21,28,34,99.32,64.29,81.80
681,14,13,14,15,13,10,26,74.8,37.50,56.15
682,28,29,28,29,26,26,37,76.77,72.50,74.64
683,12,11,10,12,13,25,28,69.44,39.64,54.54
684,29,32,34,31,33,29,35,62.88,79.64,71.26
685,18,19,18,17,19,18,31,65.62,50.00,57.81
686,24,26,23,25,24,34,32,91.34,67.14,79.24
687,27,25,29,28,28,28,21,77.79,66.43,72.11
688,19,18,16,17,19,29,29,57.92,52.50,55.21
689,33,31,36,35,34,18,36,65.09,79.64,72.37
690,21,22,20,23,25,36,35,98.23,65.00,81.62
691,19,21,18,20,17,12,24,55.91,46.79,51.35
692,28,27,29,26,28,36,37,85.99,75.36,80.67
693,13,15,14,12,16,26,29,82.56,44.64,63.60
694,35,33,34,32,31,29,34,90.1,81.43,85.76
695,25,27,26,24,28,16,26,81.35,61.43,71.39
696,17,18,17,19,16,34,22,70.55,51.07,60.81
697,23,21,24,22,25,28,26,99.03,60.36,79.69
698,25,23,24,22,26,29,24,64.82,61.79,63.30
699,34,32,35,31,33,18,39,67.5,79.29,73.39
700,11,13,12,14,10,36,31,95.54,45.36,70.45
701,35,34,36,35,37,12,38,97.76,81.07,89.42
702,20,19,21,18,17,36,29,61.2,57.14,59.17
703,28,27,29,26,30,30,36,63.01,73.57,68.29
704,18,16,17,19,15,25,34,97.68,51.43,74.55
705,35,33,34,32,31,20,31,55.13,77.14,66.14
706,24,23,25,22,21,33,35,68.6,65.36,66.98
707,26,25,27,24,28,12,25,64.83,59.64,62.24
708,19,17,20,18,16,24,28,69.86,50.71,60.29
709,34,32,35,31,33,35,23,57.26,79.64,68.45
710,12,11,13,12,10,17,36,75.94,39.64,57.79
711,36,34,37,35,38,26,36,88.37,86.43,87.40
712,25,23,26,24,22,22,35,72.43,63.21,67.82
713,27,25,28,26,24,28,39,91.22,70.36,80.79
714,14,13,14,13,12,18,38,95.99,43.57,69.78
715,33,31,34,32,30,34,37,74.52,82.50,78.51
716,19,18,20,17,16,24,33,63.15,52.50,57.83
717,28,27,29,26,28,13,34,76.41,66.07,71.24
718,10,12,11,13,15,29,35,80.57,44.64,62.61
719,25,23,24,22,26,11,36,82.21,59.64,70.93
720,23,21,24,22,25,32,31,56.99,63.57,60.28
721,27,25,28,26,29,19,32,61.9,66.43,64.16
722,15,17,16,14,18,26,36,90.95,50.71,70.83
723,35,33,34,32,31,25,39,97.06,81.79,89.42
724,24,23,25,22,21,18,37,85.99,60.71,73.35
725,26,25,27,24,28,31,32,79.42,68.93,74.17
726,18,16,19,17,15,22,36,56.73,51.07,53.90
727,33,31,34,32,30,21,35,76.46,77.14,76.80
728,11,13,12,14,10,27,34,86.82,43.21,65.02
729,35,34,36,35,37,15,39,58.35,82.50,70.43
730,20,19,21,18,17,33,36,72.47,58.57,65.52
731,27,25,28,26,29,27,36,58.93,70.71,64.82
732,18,16,19,17,15,18,32,67.67,48.21,57.94
733,35,33,34,32,31,21,36,77.51,79.29,78.40
734,22,20,23,21,19,23,36,77.22,58.57,67.90
735,26,25,27,24,28,32,32,67.35,69.29,68.32
736,14,13,14,13,12,13,22,65.12,36.07,50.60
737,31,29,32,30,28,34,26,76.09,75.00,75.55
738,19,17,20,18,16,19,27,64.65,48.57,56.61
739,28,27,29,26,28,27,28,76.91,68.93,72.92
740,12,11,13,12,10,23,29,64.13,39.29,51.71
741,23,23,24,22,26,15,24,87.97,56.07,72.02
742,27,21,24,22,25,16,25,56.75,57.14,56.95
743,25,25,28,26,29,27,26,84.33,66.43,75.38
744,15,17,16,14,18,29,32,77.67,50.36,64.01
745,30,35,32,28,34,25,36,83.25,78.57,80.91
746,25,30,35,32,28,22,32,63.27,72.86,68.06
747,20,25,30,27,29,18,36,60.66,66.07,63.37
748,15,20,25,22,18,27,36,71,58.21,64.61
749,32,37,34,31,36,15,39,77.3,80.00,78.65
750,10,15,20,17,12,20,38,78.74,47.14,62.94
751,35,32,37,34,36,32,37,69.52,86.79,78.15
752,10,27,25,23,26,16,36,67.21,58.21,62.71
753,35,25,30,28,29,23,33,74.24,72.50,73.37
754,22,17,15,13,16,21,32,75.73,48.57,62.15
755,27,35,32,28,34,26,25,78.28,73.93,76.10
756,12,30,35,32,28,17,26,69.86,64.29,67.07
757,30,25,30,27,29,31,24,70.26,70.00,70.13
758,25,20,25,22,18,22,25,78.05,56.07,67.06
759,20,37,34,31,36,14,26,69.07,70.71,69.89
760,15,15,20,17,12,28,28,97.38,48.21,72.80
761,32,32,37,34,36,12,29,98.6,75.71,87.16
762,10,27,25,23,26,29,24,66.25,58.57,62.41
763,35,25,30,28,29,18,26,66.19,68.21,67.20
764,22,17,15,13,16,24,32,92.68,49.64,71.16
765,27,35,32,28,34,27,33,87.05,77.14,82.10
766,30,30,35,32,28,32,36,55.31,79.64,67.48
767,12,25,16,8,35,26,39,68.64,57.50,63.07
768,25,23,20,12,32,16,38,68.23,59.29,63.76
769,30,25,15,30,25,35,37,62.39,70.36,66.37
770,25,22,30,25,22,30,35,84.1,67.50,75.80
771,20,18,10,20,18,22,36,66.06,51.43,58.74
772,33,27,37,33,27,29,32,85.29,77.86,81.57
773,12,15,17,12,15,14,31,57.81,41.43,49.62
774,24,20,29,24,20,26,33,61.24,62.86,62.05
775,35,32,15,35,32,30,36,61.5,76.79,69.14
776,17,16,31,17,16,18,35,67.76,53.57,60.67
777,26,23,19,26,23,24,39,94.97,64.29,79.63
778,22,21,28,22,21,23,34,86.17,61.07,73.62
779,28,26,12,28,26,25,32,90.98,63.21,77.10
780,18,17,28,18,17,19,35,58.18,54.29,56.23
781,34,31,16,34,31,31,33,88.28,75.00,81.64
782,24,22,28,24,22,26,36,65.74,65.00,65.37
783,13,14,10,13,14,14,39,82.13,41.79,61.96
784,29,28,26,29,28,28,36,67.46,72.86,70.16
785,11,12,25,11,12,10,33,87.47,40.71,64.09
786,32,29,29,32,29,34,36,85.7,78.93,82.31
787,19,18,18,19,18,18,35,83.66,51.79,67.72
788,26,24,34,26,24,23,39,64.33,70.00,67.17
789,25,27,28,25,27,29,34,99.4,69.64,84.52
790,18,19,29,18,19,16,36,90.65,55.36,73.00
791,31,33,18,31,33,36,35,65.9,77.50,71.70
792,22,21,36,22,21,20,39,71.74,64.64,68.19
793,21,19,12,21,19,18,38,80.34,52.86,66.60
794,27,28,36,27,28,29,34,99.95,74.64,87.30
795,15,13,26,15,13,14,36,83.51,47.14,65.33
796,33,35,29,33,35,34,33,89.74,82.86,86.30
797,27,25,16,27,25,26,36,64.14,65.00,64.57
798,27,21,26,15,26,17,35,78.52,59.64,69.08
799,14,23,18,20,18,24,36,93.67,54.64,74.16
800,32,27,33,32,33,24,32,58.47,76.07,67.27
801,20,26,11,16,11,35,34,94.47,54.64,74.56
802,29,25,35,23,35,12,36,56.48,69.64,63.06
803,13,21,20,21,20,36,26,68.15,56.07,62.11
804,24,18,27,26,27,19,29,78.53,60.71,69.62
805,24,10,18,17,18,28,22,90.61,48.93,69.77
806,28,9,35,31,35,13,20,76.76,61.07,68.92
807,16,14,22,22,22,35,29,65.48,57.14,61.31
808,32,16,26,14,26,25,27,77.9,59.29,68.59
809,35,17,14,28,14,21,27,61.04,55.71,58.38
810,30,20,31,12,31,23,24,95.43,61.07,78.25
811,25,23,19,29,19,27,22,79.03,58.57,68.80
812,34,26,28,18,28,26,24,75.29,65.71,70.50
813,20,28,12,24,12,25,27,76.77,52.86,64.81
814,37,32,23,27,23,21,28,91.34,68.21,79.78
815,25,36,27,19,27,18,26,86.49,63.57,75.03
816,30,32,25,33,25,10,25,71.42,64.29,67.85
817,15,23,15,21,15,9,23,97.22,43.21,70.22
818,32,25,30,19,30,14,22,89.06,61.43,75.24
819,35,24,25,28,25,16,23,93.83,62.86,78.34
820,30,26,20,13,20,17,25,95.55,53.93,74.74
821,25,14,15,35,15,20,31,57.01,55.36,56.18
822,34,16,32,25,32,23,29,78.29,68.21,73.25
823,20,23,10,25,10,26,25,55.53,49.64,52.59
824,37,25,35,30,35,28,27,77.79,77.50,77.65
825,25,38,10,25,10,32,26,63.01,59.29,61.15
826,30,26,35,20,35,36,20,77.1,72.14,74.62
827,15,24,22,33,22,36,29,75.48,64.64,70.06
828,32,28,27,12,27,12,21,92.29,56.79,74.54
829,35,12,12,24,12,36,23,64.02,55.00,59.51
830,16,6,19,35,19,26,25,59.78,52.14,55.96
831,20,2,28,17,28,29,24,93.88,52.86,73.37
832,15,28,13,26,13,16,22,94.1,47.50,70.80
833,30,26,35,22,35,26,20,91.36,69.29,80.32
834,10,14,25,28,25,18,31,70.61,53.93,62.27
835,37,16,21,18,21,33,27,62.52,61.79,62.15
836,17,13,23,34,23,11,25,88.55,52.14,70.35
837,29,27,27,24,27,35,22,59.26,68.21,63.74
838,15,29,26,13,26,20,24,87.46,54.64,71.05
839,31,15,25,29,25,27,28,73.26,64.29,68.77
840,19,30,21,11,21,18,21,69.36,50.36,59.86
841,28,25,18,32,18,35,29,99.69,66.07,82.88
842,12,20,10,19,10,22,24,81.79,41.79,61.79
843,28,33,9,26,9,6,21,99.38,47.14,73.26
844,16,12,14,25,14,15,24,86.87,42.86,64.86
845,28,24,16,14,16,25,22,70.61,51.79,61.20
846,23,12,32,10,28,32,25,98.79,57.86,78.32
847,12,16,10,35,13,26,26,79.29,49.29,64.29
848,14,19,31,22,35,36,22,63.87,63.93,63.90
849,6,18,36,27,25,12,27,61.68,53.93,57.80
850,3,36,23,12,21,36,24,93.04,55.36,74.20
851,35,32,21,30,23,26,22,96.17,67.50,81.84
852,26,39,22,25,27,16,25,81.59,64.29,72.94
853,24,24,23,20,26,19,27,83.56,58.21,70.89
854,25,26,26,15,25,18,21,84.5,55.71,70.11
855,29,27,24,32,21,36,22,77.15,68.21,72.68
856,36,28,25,10,18,32,25,94.77,62.14,78.46
857,12,22,32,35,10,39,28,97.41,63.57,80.49
858,14,24,31,22,9,24,24,99.2,52.86,76.03
859,11,25,36,27,14,26,21,93.4,57.14,75.27
860,6,26,35,30,16,27,27,90.28,59.64,74.96
861,5,23,34,12,17,28,25,84.45,51.43,67.94
862,12,25,31,25,20,22,21,77.51,55.71,66.61
863,36,24,30,30,23,24,26,81.45,68.93,75.19
864,25,12,39,25,26,25,28,73.46,64.29,68.87
865,21,13,23,20,28,26,21,82.78,54.29,68.53
866,23,17,21,33,32,23,25,64.17,62.14,63.16
867,27,18,20,12,36,25,28,93.98,59.29,76.63
868,32,19,37,24,32,24,28,74.29,70.00,72.15
869,40,26,34,35,23,12,27,72.59,70.36,71.47
870,21,23,36,17,25,13,22,56.98,56.07,56.53
871,10,35,39,26,24,17,28,69.89,63.93,66.91
872,16,36,32,22,29,18,29,62.12,65.00,63.56
873,26,34,12,28,13,19,27,90.64,56.79,73.71
874,24,12,16,18,24,26,28,85.42,52.86,69.14
875,12,22,18,34,24,23,29,78.95,57.86,68.40
876,31,16,14,24,28,35,22,67.14,60.71,63.93
877,20,19,17,13,16,36,20,88.2,50.36,69.28
878,32,18,19,29,32,34,29,84.78,68.93,76.85
879,14,35,16,11,35,17,27,93.26,55.36,74.31
880,12,23,32,32,30,26,27,99.8,65.00,82.40
881,18,36,35,19,25,22,24,94.11,63.93,79.02
882,17,34,36,26,34,28,20,57.63,69.64,63.64
883,23,28,34,25,20,18,27,62.95,62.50,62.73
884,26,16,30,18,37,34,28,80.11,67.50,73.81
885,24,29,31,31,25,24,23,75.46,66.79,71.12
886,28,20,37,22,30,13,23,88.48,61.79,75.13
887,29,37,27,21,15,29,25,79.4,65.36,72.38
888,36,25,28,27,32,11,28,89.24,66.79,78.01
889,28,30,29,15,35,32,29,60.03,70.71,65.37
890,27,15,24,33,30,19,20,74.44,60.00,67.22
891,24,32,21,27,25,26,21,84.85,62.86,73.85
892,26,35,26,27,34,25,27,99.79,71.43,85.61
893,24,30,24,14,25,14,26,99.18,56.07,77.63
894,26,25,28,32,30,10,27,92.85,63.57,78.21
895,24,34,24,20,15,35,28,79.11,64.29,71.70
896,13,20,32,29,32,22,21,76.68,60.36,68.52
897,32,37,20,13,35,27,25,88.31,67.50,77.91
898,34,25,8,24,30,12,29,98.67,57.86,78.26
899,35,30,9,24,25,30,27,99.82,64.29,82.05
900,22,15,4,28,34,25,20,80.75,52.86,66.80
901,3,32,6,16,20,20,26,75.62,43.93,59.77
902,40,35,39,32,37,15,28,75.79,80.71,78.25
903,12,16,20,35,25,32,24,78.35,58.57,68.46
904,15,20,22,30,30,10,24,88.08,53.93,71.00
905,13,15,34,25,15,35,29,98.67,59.29,78.98
906,16,30,12,34,32,22,28,83.33,62.14,72.74
907,32,10,32,20,35,27,25,89.41,64.64,77.03
908,26,37,14,37,16,30,27,88.88,66.79,77.83
909,24,17,19,25,20,12,21,75.59,49.29,62.44
910,22,29,16,30,15,25,25,96.34,57.86,77.10
911,21,15,15,15,30,30,20,82.93,52.14,67.54
912,13,31,24,32,10,25,28,98.6,58.21,78.41
913,24,19,26,35,37,20,23,79.82,65.71,72.77
914,26,28,22,30,17,33,21,95.52,63.21,79.37
915,35,12,23,25,29,12,24,97.99,57.14,77.57
916,8,28,24,34,15,24,30,81.54,58.21,69.88
917,23,16,24,20,31,35,21,89.1,60.71,74.91
918,20,28,24,37,19,17,28,85.26,61.79,73.52
919,37,10,26,25,28,26,28,93.8,64.29,79.04
920,25,26,25,30,12,22,24,92.75,58.57,75.66
921,30,25,30,15,28,28,26,88.7,65.00,76.85
922,15,29,15,32,16,18,30,95.99,55.36,75.67
923,32,18,32,35,28,34,28,79.06,73.93,76.49
924,35,34,35,16,10,24,21,86.43,62.50,74.47
925,30,28,16,20,26,13,24,94.42,56.07,75.25
926,25,29,20,15,25,29,23,82.22,59.29,70.75
927,34,18,15,30,29,11,24,85.8,57.50,71.65
928,20,36,30,10,18,32,23,78.63,60.36,69.49
929,37,12,10,37,34,19,27,99.07,62.86,80.96
930,25,36,37,17,28,26,23,82.7,68.57,75.64
931,30,26,17,29,25,25,30,93.35,65.00,79.18
932,15,29,29,15,30,18,22,77.07,56.43,66.75
933,32,16,15,31,25,31,22,88.47,61.43,74.95
934,35,26,31,19,20,22,29,76.61,65.00,70.81
935,16,18,19,28,33,21,21,81.27,55.71,68.49
936,20,33,28,12,12,27,21,75.75,54.64,65.20
937,15,11,12,28,24,15,27,91.09,47.14,69.12
938,30,35,28,16,35,33,26,94.87,72.50,83.69
939,10,20,16,28,17,27,22,94.03,50.00,72.02
940,37,27,28,23,26,27,24,97.44,68.57,83.01
941,17,18,23,12,22,14,27,83.36,47.50,65.43
942,29,35,12,14,28,32,21,84.24,61.07,72.66
943,15,22,14,6,18,20,23,99.87,42.14,71.01
944,31,26,6,3,34,29,27,82.08,55.71,68.90
945,19,14,3,35,24,13,25,91.05,47.50,69.28
946,28,31,35,26,10,24,24,77.08,63.57,70.33
947,12,19,26,24,26,24,22,75.16,54.64,64.90
948,28,28,24,25,25,28,20,96.88,63.57,80.23
949,16,12,25,29,29,16,29,97.16,55.71,76.44
950,28,23,29,36,18,32,20,86.39,66.43,76.41
951,10,27,36,12,34,35,32,90.74,66.43,78.58
952,26,20,12,14,28,30,33,87.64,58.21,72.93
953,25,29,14,11,22,25,28,84.88,55.00,69.94
954,29,13,11,6,26,34,24,88.02,51.07,69.55
955,18,24,6,5,14,20,26,96.55,40.36,68.45
956,34,24,5,12,31,37,30,94.08,61.79,77.93
957,28,28,12,36,19,25,28,76.8,62.86,69.83
958,29,16,36,25,28,30,21,96.41,66.07,81.24
959,18,32,25,21,12,15,24,80.8,52.50,66.65
960,36,35,21,23,23,32,23,78.44,68.93,73.68
961,12,30,23,27,27,35,24,78.04,63.57,70.81
962,36,25,27,32,20,30,23,87.37,68.93,78.15
963,26,34,32,40,29,25,27,87.68,76.07,81.88
964,29,20,40,21,13,34,23,89.49,64.29,76.89
965,16,37,21,10,24,20,30,93.34,56.43,74.88
966,26,25,10,16,24,37,22,89.58,57.14,73.36
967,18,30,16,26,28,25,22,93.56,58.93,76.24
968,33,15,26,24,12,30,29,96.94,60.36,78.65
969,11,32,24,12,14,15,21,91.33,46.07,68.70
970,35,35,12,31,6,32,21,76.72,61.43,69.07
971,20,30,3,20,3,35,27,76.05,49.29,62.67
972,27,25,35,32,35,16,26,81.14,70.00,75.57
973,18,34,26,14,26,20,22,92.75,57.14,74.95
974,35,20,24,12,24,15,24,85.17,55.00,70.09
975,22,37,25,18,25,30,27,83.65,65.71,74.68
976,26,25,29,17,29,10,26,82.95,57.86,70.40
977,14,30,36,23,36,37,28,97.04,72.86,84.95
978,31,15,12,26,12,17,21,86.78,47.86,67.32
979,19,32,14,24,14,29,25,99.88,56.07,77.98
980,28,35,11,28,11,15,28,80.38,55.71,68.05
981,12,16,6,29,6,31,28,88.87,45.71,67.29
982,23,20,5,36,5,19,27,87.9,48.21,68.06
983,27,15,12,28,12,28,22,80.26,51.43,65.84
984,21,30,36,27,36,12,28,77.12,67.86,72.49
985,23,10,25,24,25,28,29,91.95,58.57,75.26
986,27,37,21,26,21,29,27,77.34,67.14,72.24
987,32,17,23,24,20,13,28,82.88,56.07,69.48
988,40,29,27,26,37,24,29,81.87,75.71,78.79
989,21,15,32,24,25,24,22,87.21,58.21,72.71
990,10,31,40,13,30,28,20,99.47,61.43,80.45
991,25,19,21,32,15,16,29,97.72,56.07,76.90
992,30,28,10,34,32,32,27,77.65,68.93,73.29
993,15,12,16,35,35,35,22,79.54,60.71,70.13
994,32,28,26,22,16,30,24,79,63.57,71.29
995,35,16,24,3,20,25,21,95.14,51.43,73.28
996,16,28,12,40,15,34,28,79.55,61.79,70.67
997,20,23,13,12,30,20,25,81.47,51.07,66.27
998,15,12,35,15,10,37,23,80.2,52.50,66.35
999,30,14,25,13,37,25,24,84.68,60.00,72.34
1000,10,6,21,16,17,30,25,85.31,44.64,64.98
1001,37,3,23,32,29,15,20,95.31,56.79,76.05
1002,17,35,27,26,30,32,22,83.35,67.50,75.43
1003,29,26,26,24,15,35,23,84.38,63.57,73.98
1004,15,24,25,22,32,30,29,79.93,63.21,71.57
1005,31,25,21,21,35,25,24,99.49,65.00,82.25
1006,19,29,18,13,16,34,23,94.79,54.29,74.54
1007,28,36,10,24,20,25,20,99.87,58.21,79.04
1008,12,12,9,26,15,30,29,89.98,47.50,68.74
1009,28,14,14,35,30,15,20,88.7,55.71,72.21
1010,16,11,16,8,10,32,24,87.3,41.79,64.54
1011,28,6,17,23,37,35,21,89.47,59.64,74.56
1012,23,5,20,20,17,30,24,89.84,49.64,69.74
1013,12,12,23,37,29,25,22,90.24,57.14,73.69
1014,14,36,26,25,15,34,25,91.84,62.50,77.17
1015,39,40,38,36,31,34,37,89.53,91.07,90.30
